SKU,Start Date,Sales Quantity
SP12-XP-XW105-MAH,2021-11-08,5
SP12-XP-XW106-SLV,2021-11-08,1
SP12-XP-XW101-WAL,2021-11-08,0
CUE-1-2-SL-JF20-15F-BLK,2021-11-08,3
CUE-1-2-SL-JF20-15WF-WHT,2021-11-08,0
CUE-1-2-SL-PS2-01-BLK,2021-11-08,1
CUE-1-2-SL-PS2-02-WHT,2021-11-08,0
CUE-1-2-SL-PS2-04,2021-11-08,1
CUE-1-2-SL-F7-RED,2021-11-08,0
CUE-1-2-SL-F7-BLK,2021-11-08,0
CUE-1-2-SL-F7-WHT,2021-11-08,1
CUE-1-2-SL-CA2009-LZ-3,2021-11-08,0
CUE-1-2-SL-CA2009-MS-3,2021-11-08,0
CUE-1-2-SL-JF40-09F-BLK-WHT,2021-11-08,0
CUE-1-2-SL-CUPPA,2021-11-08,1
CUE-1-2-SL-LA-8-BLK,2021-11-25,0
CUE-1-2-SL-LA-5-WHT,2021-11-25,0
BK-SNOW-AKEZ-ML-GRY,2022-05-24,1
BK-MONT-AKEZ-ZZ-GRY,2022-05-24,0
DHS-KBPROHP01-SHORT,2022-06-10,4
DHS-KBPROHP02-LONG,2022-06-10,5
DHS-KB-NO1SHORT,2022-06-10,10
DHS-KB-NO5SHORT,2022-06-10,3
DHS-KB-NO2LONG,2022-06-10,7
DHS-KB-NO6LONG,2022-06-10,6
DHS-KBML-LONG-SET,2022-06-14,5
DHS-KBWH-SHORT,2022-06-15,0
DHS-KBWH-LONG,2022-06-15,0
DHS-KBWLQ-SHORT,2022-06-15,2
DHS-KBWLQ-LONG,2022-06-15,2
DHS-XZHY-DO2-S-SHORT,2022-06-15,8
DHS-XZHY-DO2-L-LONG,2022-06-15,11
FURNI-MJT-SH-X7-WM-LN-FLD-JBLU,2022-06-27,2
FURNI-MJT-SH-X6-MUTE-DT-DBLU,2022-06-28,0
MDF07-DQ-P046T-MISTGRY-AK,2022-07-01,12
FURNI-MJT-SH-X7-LN-4CHAIR-CHAM,2022-07-01,0
SP09-QS-Q8-GLD,2022-07-05,0
SP09-QS-Q3PLS-BRN,2022-07-08,0
SP09-QS-Q7-SLV,2022-07-08,0
SP09-XP-XW117-SLV,2022-07-20,0
SP09-XP-XW118-WAL,2022-07-20,0
SP09-XP-XW130-RED,2022-07-20,0
SP09-XP-XW136-WAL,2022-07-20,0
SP09-XP-XW138-OAK,2022-07-20,0
ESCOT-ZN-SMDX11PLUS-BYEW,2022-07-22,5
ESCOT-ZN-SMDEEC04-BLK,2022-07-22,1
MDF073IN1-JXY-003-VINWOOD,2022-07-26,19
DTBENCH-JXY-003-VINWOOD,2022-07-26,23
DTBENCH-JXY-003-WHT,2022-07-26,9
MDF073IN1-JXY-003-WHT,2022-07-26,4
MSCOT-LX-OP114A-BLK-RED,2022-07-27,1
BK-MONT-AKEZ-ZZ-BLK,2022-07-27,1
SR-JXY-G01-BLK,2022-07-28,10
SB09-JXY-S04-WAL,2022-07-28,7
MDF5IN107-JXY-G02-BGRE,2022-07-28,0
SB08-JXY-22002-WOOD,2022-07-28,0
SB09-JXY-S02-BLK,2022-07-28,4
SR-JXY-NG2555-BLK,2022-07-28,0
BK-HJ-HM1-WHT,2022-08-01,0
MDF07-JXY-RM-WBLK,2022-08-05,10
MDF08-JXY-RM-WBLK,2022-08-05,8
AH36ROU-JXY-C36-WAL,2022-08-05,7
MDF07-JXY-RM-WBLU,2022-08-05,4
MDF08-JXY-RM-WBLU,2022-08-05,2
SKB09-JXY-50375-WOOD,2022-08-05,2
SB09-JXY-9038-COF,2022-08-05,0
BT54-JXY-50376-WRED,2022-08-05,0
SPWHT07RED-AK,2022-08-06,0
SPWHT09RED-AK,2022-08-06,3
SPBK09RED-AK,2022-08-06,5
SPWAL09RED-AK,2022-08-06,3
SP09-JXY-9605-BLK,2022-08-10,0
FIT-AOXIN-MLDQ8,2022-08-12,4
BK-JL-EBA216X750-RED,2022-08-12,0
FIT-AOXIN-MLD-K12,2022-08-12,2
BK-JL-EBA216X750-BLK,2022-08-12,0
BK-JL-EBA216X500-ORG,2022-08-12,1
BK-JL-EBA216X500-SLV,2022-08-12,0
BK-JL-EBA216X500-RED,2022-08-12,0
CANO-TM-14-BLU,2022-08-15,1
CANO-TM-10-BGRE,2022-08-15,0
CANO-TM-14-YLW,2022-08-15,0
CANO-TM-14-YLORG,2022-08-15,0
CANO-TM-25-YLW,2022-08-15,0
CANO-TM-25-GGRE,2022-08-15,0
CANO-TM-15-BGRE,2022-08-15,0
CANO-TM-15-SYLORG,2022-08-15,0
MDF028-RQ-232221-BGRE,2022-08-16,6
AH036-RQ-142221-GRY,2022-08-16,3
MC-KPR-MCA8-BRN,2022-08-18,10
MC-KPR-MC819-BRN,2022-08-18,3
ESCOT-DOKMA-140R7-BGRE,2022-08-31,9
ESCOT-DOKMA-DX-BYLW,2022-08-31,0
ES-XS-YHES01-BLK,2022-09-01,0
ES-XS-YHES02-BLK,2022-09-01,0
ES-XS-YHES02-YLWBLK,2022-09-01,0
ES-XS-YHES02-REDWHT,2022-09-01,0
EF-XS-YHEF01-BLK,2022-09-01,0
EF-XS-YHEF02-BLK,2022-09-01,0
GS-XS-YHGS01-BLKYLOR,2022-09-01,0
GS-XS-YHGS01-RDWHYLW,2022-09-01,0
GS-XS-YHGS01-BLKWHT,2022-09-01,0
PV-JY-61-BLKGRY,2022-09-06,1
PV-JY-13-GLDGRY,2022-09-06,0
PV-JY-16-BLKGRY,2022-09-06,0
PV-JY-22-GLDGRY,2022-09-06,0
PV-JY-33-GLDGRY,2022-09-06,0
PV-JY-82-BLKGRY,2022-09-06,0
PV-JY-62-GLDGRY,2022-09-06,0
EF-YCT-F2036A-BLK,2022-09-07,1
EF-YCT-F2047A-BLK,2022-09-07,0
BK-URT-58PBL-BLKREGROR,2022-09-13,1
BK-URT-59LBL-BLKSLV,2022-09-13,1
BK-URT-56LBM-BLKSLV,2022-09-13,0
BK-URT-57SBL-BLKORGWHT,2022-09-13,0
BK-URT-55PBM-BLKREGROR,2022-09-13,0
MDF04-RQ-248221-BNRED,2022-09-19,6
ESCOT-YD-13AD6-ROSE,2022-09-20,0
ST05COF-AK,2022-09-22,86
MDF07FOLD-DQ-P038-RED,2022-09-22,1
TENT-XT-CT001-SAND,2022-09-22,2
TENT-XT-OF001-SAND,2022-09-22,0
TENT-XT-CT002-SAND,2022-09-22,0
TENT-XT-OF002-SAND,2022-09-22,0
TENT-XT-CT003-SANDGRE,2022-09-22,0
TENT-XT-CT004-SANDGRE,2022-09-22,0
TENT-XT-CT005-SAND,2022-09-22,0
TENT-XT-OF005-SAND,2022-09-22,0
TENT-XT-CT006-GRYGRE,2022-09-22,0
TENT-XT-OF006-GRYGRE,2022-09-22,0
TENT-XT-CT007-SAND,2022-09-22,0
TENT-XT-CT007-GRE,2022-09-22,0
TENT-XT-CT009-SAND,2022-09-22,0
TENT-XT-OF009-SAND,2022-09-22,0
TENT-XT-CT010-SAND,2022-09-22,0
TENT-XT-OF010-SAND,2022-09-22,0
TT-JXY-GOLF-GREBLK,2022-09-22,1
ESCOT-JL-24VCHICS18-BLKWHT,2022-09-27,3
BM-FC-SPT6000-BLK,2022-09-29,1
BM-FC-SPT1000-BLK,2022-09-29,0
BM-FC-SPT2000-BLK,2022-09-29,0
GAZEBO-LG-3X3RAL7043-BLK,2022-09-30,8
GAZEBO-LG-3X4RAL7043-BLK,2022-09-30,2
BK-JL-JLA0804E-GRE,2022-09-30,3
BK-JL-JLA0707-BLU,2022-09-30,1
JUMPBED-DKT-0115-WHT,2022-09-30,2
GAZEBO-LG-4X6RAL7043-BLK,2022-09-30,1
BK-JL-JLA0802-BLU,2022-09-30,1
JUMPBED-DKT-0120-WHT,2022-09-30,1
BK-JL-JLA0804E-RED,2022-09-30,1
BK-JL-JLA13A09-RED,2022-09-30,0
BK-JL-JLA0804-BLK,2022-09-30,0
BK-JL-JLA0707-BLK,2022-09-30,0
BK-JL-JLA0707-WHT,2022-09-30,0
BK-JL-JLA1309-WHT,2022-09-30,0
BM-TB-115-WHT,2022-09-30,0
BM-TB-115STAND-WHT,2022-09-30,0
BM-TB-115TELECONTROL-WHT,2022-09-30,0
BM-TB-115STANDTC-WHT,2022-09-30,1
BK-JL-JLA0201-BLU,2022-09-30,0
BK-JL-JLA0201-GRE,2022-09-30,0
BK-JL-JLA0802-BLK,2022-09-30,0
BK-JL-JLA13A09-GRE,2022-09-30,0
JUMPBED-DKT-0112-WHT,2022-09-30,0
JUMPBED-DKT-0117-WHT,2022-09-30,1
BK-SNOW-AKEZ-RKTO-WHT-GRE,2022-10-07,0
MPLAN-TENT-62-KAHKI,2022-10-08,1
MPLAN-TENT-ZTLT09-GRY,2022-10-08,0
MPLAN-TENT-ZTLT09-KAHKI,2022-10-08,0
MPLAN-TENT-2D5MZTLT02-GRY,2022-10-08,1
MPLAN-TENT-2D5MZTLT02-KAHKI,2022-10-08,1
MPLAN-TENT-3MZTLT02-GRY,2022-10-08,0
MPLAN-TENT-3MZTLT02-KAHKI,2022-10-08,0
BIKE-ELLIP-AX-QM1002-WHT,2022-10-13,6
TLC-ZW-ZW366S-WYLW,2022-10-22,1
EW-ZW-ZW516-BLK,2022-10-22,0
PBSM-ZW-ZW186-WHT,2022-10-22,0
TLC-ZW-ZW389D-WYLW,2022-10-22,0
WRTEW-ZW-ZW518-GRY,2022-10-22,0
MSCOT-ZW-RAA-BLK,2022-10-22,0
TLC-ZW-EHZW388D-BWHT,2022-10-22,0
BK-SNOW-AKEZ-ZZ-BLK,2022-10-26,0
SHED-TB-LPENTROOFSOD-GRY,2022-10-27,1
SHED-TB-SPENTROOF-GRY,2022-10-27,0
SHED-TB-LPENTROOF-GRY,2022-10-27,1
SHED-TB-ELPENTROOF-GRY,2022-10-27,0
SHED-TB-SGABLEROOF-GRY,2022-10-27,0
SHED-TB-LGABLEROOF-GRY,2022-10-27,0
SHED-TB-ELGABLEROOF-GRY,2022-10-27,0
MSCOT-ETAKE-AD901-RED,2022-10-28,1
MSCOT-ETAKE-JCD413-RED,2022-10-28,0
TROLLEY-WC-300KG-BLK,2022-10-29,4
FLIFT-WC-1000KG-BBLU,2022-10-29,1
TROLLEY-WC-240KG-BRED,2022-10-29,0
EW-ETAKE-ZW181-BLK,2022-10-31,0
EW-ETAKE-ZW221-BRED,2022-10-31,0
EW-ETAKE-MW801-BBLK,2022-11-04,0
EW-ETAKE-HW122C-BBLK,2022-11-08,0
EW-ETAKE-HW122S-BLK,2022-11-08,0
GOLFNET-TB-LXW019MINIMAT-BLK,2022-11-09,0
GOLFNET-TB-LXW019PMAT-BLK,2022-11-09,0
MJT-SH-JLSMUT-CHAM,2022-11-10,0
MJT-SH-JLSMUT4GC-MAROON,2022-11-10,0
ESCOT-LX-23ADM-GRE,2022-11-11,2
GOLFNET-TB-SETC-GRE,2022-11-11,0
GOLFNET-TB-SETE-GRE,2022-11-11,0
GOLFNET-TB-SETF-GRE,2022-11-11,0
GOLFNET-TB-SETG-GRE,2022-11-11,0
PILATES-MN-5SET-GRY,2022-11-15,4
FIT-AOXIN-WAIST-TRAINER-399,2022-11-16,23
8AHTT-AK-E-PUCK,2022-11-18,24
ESCOT-BM-4W4M52A-BLK,2022-11-23,5
ESCOT-BM-4W2M25A-BLK,2022-11-23,2
ESCOT-BM-72V40A800-SLV,2022-11-23,0
TBED-HR-B03-WBLU,2022-11-25,0
TBED-HR-II-WBLU,2022-11-25,1
BK-GT-G2-YBLK,2022-12-02,0
BK-GT-G20-BLK,2022-12-02,0
TTBM-DHS-R0,2022-12-08,0
TTBM-DHS-R1,2022-12-08,0
TTBM-DHS-R2,2022-12-08,1
MSCOT-HH-BSJ-RED,2022-12-13,11
MSCOT-HH-F10-RED,2022-12-13,3
MSCOT-HH-MOB23-WHT,2022-12-13,1
MSCOT-HH-MOB03-BRED,2022-12-13,2
MSCOT-HH-MOB02-BLKBRN,2022-12-13,1
MSCOT-HH-BRETP88-RED,2022-12-13,1
MSCOT-HH-MOB03B-RED,2022-12-13,0
MSCOT-HH-MOB22-RED,2022-12-13,0
MSCOT-HH-MOB23-RED,2022-12-13,0
CUE-TB-CUESTAND-BWHT,2022-12-15,0
PKT07-DQ-OVAL-LED-PK018,2022-12-16,28
ESCOT-M365MAX-LX-BLK,2022-12-16,10
MDF06FOLDBGRE-AK,2022-12-16,9
MDF07HDBLU-AK,2022-12-16,7
CUE-TB-7HCASE-BLK,2022-12-16,0
CUE-TB-8HCASE-BRN,2022-12-16,0
SACC-BM-HELMET-WBLU,2022-12-19,0
SACC-BM-HELMET-BLU,2022-12-19,1
BED-TB-L180CMP30-WHT,2022-12-19,1
BED-TB-L180CMP30-COF,2022-12-19,1
SACC-BM-HELMET-GRY,2022-12-19,0
BED-TB-L180CMP30-RED,2022-12-19,0
BED-TB-L180CMP30-BLU,2022-12-19,0
BED-TB-L180CMP30-PNK,2022-12-19,0
BED-TB-L180CMP30-CHAM,2022-12-19,0
BED-TB-R180CMP30-WHT,2022-12-19,0
BED-TB-R180CMP30-RED,2022-12-19,0
BED-TB-R180CMP30-CHAM,2022-12-19,0
BED-TB-R180CMP30-PNK,2022-12-19,0
BED-TB-R180CMP30-BLU,2022-12-19,0
ST04BLK-N-AK,2022-12-20,13
SP12-CL-S001-GRE-ABCD3E4F,2022-12-23,0
LIGHT-8BALL-BUG,2022-12-24,0
SP09-RS-ACURRA-GRYGRY,2022-12-28,7
SP09-RS-ACURRA-BAMGRY,2022-12-28,0
FTABLE-JL-UNFOLDED-GBLK,2022-12-29,2
FTABLE-JL-8WHEEL-YBLK,2022-12-29,0
FTABLE-JL-4WHEEL-WBLK,2022-12-29,0
FU-MC-MJ-Y01-8,2022-12-31,0
ST05WAL-AK,2023-01-04,13
ST05-DQ-JD-S012,2023-01-04,4
CATTERY-TB-91-WOOD,2023-01-05,0
FIT-AOXIN-E6-ABCD2E,2023-01-06,2
TMILL-AOXIN-M300B,2023-01-06,2
BK-URT-54SBM-BLKORGWHT,2023-01-06,0
MPLAN-TENT-482,2023-01-07,0
MPLAN-GAZEBO-363,2023-01-09,14
BK-CITY-AKEZ-ELGA-KT-WHT-250W,2023-01-09,5
MPLAN-PLAYGROUND-23,2023-01-09,5
ESCOT-SA-A3D-BLK,2023-01-09,0
MPLAN-TENT-470,2023-01-09,0
GAZEBO-LG-4X6RAL7043-WHT,2023-01-10,2
GAZEBO-LG-3X3RAL7043-WHT,2023-01-10,4
GAZEBO-LG-3X3RAL7043-MBRN,2023-01-10,1
GAZEBO-LG-3X4RAL7043-MBRN,2023-01-10,0
GAZEBO-LG-4X6RAL7043-MBRN,2023-01-10,0
GAZEBO-LG-3X4RAL7043-WHT,2023-01-10,0
TMILL-AOXIN-9006DS,2023-01-11,5
BED-ZY-910-BWHT,2023-01-12,4
BED-ZY-83501-WHT,2023-01-12,2
BED-ZY-805-GREWHT,2023-01-12,0
BED-ZY-8106-WHT,2023-01-12,0
BED-ZY-8356-WHT,2023-01-12,0
BED-ZY-8912-PNK,2023-01-12,0
BED-ZY-8913-WHT,2023-01-12,0
BED-ZY-H01-BLU,2023-01-12,0
BK-CITY-AKEZ-ELGA-KT-GRE-250W,2023-01-17,1
FIT-AK-M5-1A1B2E,2023-01-18,22
PARTS-SC-HL-BATTERY-SMD201,2023-01-18,7
PRIMO25-P-UG-AK-OB,2023-01-19,1
MDF07-DQ-P054-WBLU-AK,2023-01-26,3
MDF08-DQ-P053-WBLU-AK,2023-01-26,12
MDF07-DQ-P053-WBLK-AK,2023-01-26,0
MJT-SH-XXFMUTDT4C-BLU,2023-01-31,0
MJT-SH-XXFMUTDT4C-GRY,2023-01-31,0
MJT-SH-JLSMUT4GC-CHAM,2023-01-31,0
MJT-SH-JLSMUT-MAROON,2023-01-31,0
MJT-SH-JLSMUT4C-MAROON,2023-01-31,0
MJT-SH-JLCMUT4C-MAROON,2023-01-31,0
BIKE-SPIN-AOXIN-709,2023-02-01,5
MJT-SH-GLMUTDT4C-WALBLU,2023-02-01,0
MJT-SH-GLMUTDT4C-WALWAL,2023-02-01,0
MJT-SH-GLMUTWMFLD4C-BLUBLU,2023-02-01,0
MJT-SH-XXFMUTDT4C-WOOD,2023-02-01,0
MJT-SH-XXFMUTFLD4C-WOOD,2023-02-01,0
MJT-SH-XXFMUTWMFLD4C-WOOD,2023-02-01,0
ROOFTOP-215WHT-COF,2023-02-02,0
ESCOT-LX-OFFRD-ST-SEAT,2023-02-07,4
ESCOT-LX-ABL-KID-BLK,2023-02-07,5
TT-DF-233-BLBGRY,2023-02-10,3
TT-DF-ZCW-BLUYEW,2023-02-10,0
TT-DF-328A-BLURED,2023-02-10,0
TT-DF-9945B-BLUGRY,2023-02-10,0
SP09-CL-HESTIA-MAH-8-ABC2DEFS,2023-02-10,0
TILE-SH-IMTJADE44144,2023-02-11,1
TILE-SH-IMTJADE46144,2023-02-11,0
TILE-SH-IMTJADE48136,2023-02-11,0
2P7TTPK-AK,2023-02-13,10
TT-RS-RT01-OAK,2023-02-14,1
MJT-SH-X7MUTFLD4C-CHAM,2023-02-14,1
MJT-SH-G600MUTWMFLD4C-DBLU,2023-02-14,0
TT-RS-RT02-OAK,2023-02-14,1
TT-RS-RT02-WAL,2023-02-14,0
TT-RS-RT03-OAK,2023-02-14,4
FIT-AOXIN-E8-AB2E,2023-02-15,3
GOLFPR-PGM-1D5X3M-GRE,2023-02-15,1
MJT-SH-PGMUTDT4C-CHAM,2023-02-15,0
MJT-SH-X7MUTFLD4C-GRYGRY,2023-02-15,0
GOLFPR-PGM-TH1X3M-GRE,2023-02-15,0
GOLFPR-PGM-ST1X3M-GRE,2023-02-15,0
GOLFPR-PGM-TL033-GRE,2023-02-15,0
GOLFPR-PGM-TL036-GRE,2023-02-15,0
GOLFPR-PGM-3MTL004-GRE,2023-02-15,0
PS-STW-9031-BRED,2023-02-17,0
PS-STW-6015-BORG,2023-02-17,0
PS-STW-6030-BORG,2023-02-17,0
PS-STW-6060-BBLU,2023-02-17,0
ST046-RQ-354222-OAK,2023-02-22,8
MJT-1688TN-TAC-WAL,2023-02-22,1
MJT-1688TN-TAC-OAK,2023-02-22,0
MJT-1688TN-TAC-WOOD,2023-02-22,0
MJT-1688TN-TAC-MAH,2023-02-22,0
PS-STW-6100-BLK,2023-02-23,0
PS-STW-6121-BWHT,2023-02-23,0
PS-STW-6120-GRE,2023-02-23,0
PS-STW-6150-BLK,2023-02-23,0
PS-STW-6200-BLK,2023-02-23,0
DESK-HT-DW120C-WBLU,2023-02-24,2
WBIKE-FAV-RFB-YLW,2023-02-24,1
DESK-HT-DW100-PINK,2023-02-24,0
DESK-HT-DW120B-BLU,2023-02-24,2
DESK-HT-DW120B-PINK,2023-02-24,1
DESK-HT-DS80-GRE,2023-02-24,0
DESK-HT-DS80-YLW,2023-02-24,0
DESK-HT-DS100X-WOOD,2023-02-24,1
WBIKE-FAV-BG-BLU,2023-02-24,0
WBIKE-FAV-SPATIUMW-BLK,2023-02-24,0
WBIKE-FAV-SPATIUMC-BLK,2023-02-24,0
CHAIR-HT-CG21-BLU,2023-02-25,2
CHAIR-HT-CH11FW-RED,2023-02-25,1
DESK-HT-DL100YE-WPINK,2023-02-25,0
DESK-HT-DL100YE-WBLU,2023-02-25,0
DESK-HT-DH120J-WOOD,2023-02-25,0
CHAIR-HT-CG21-RED,2023-02-25,0
CHAIR-HT-CH11FW-BLU,2023-02-25,0
CHAIR-HT-CH12F-RED,2023-02-27,1
CHAIR-HT-CH12F-BLU,2023-02-27,1
DESK-HT-DH120Y-WOOD,2023-02-27,0
DESK-HT-DH120SD-WOOD,2023-02-27,0
CHAIR-HT-CL22F-RED,2023-02-27,1
CHAIR-HT-CL21F-BLU,2023-02-27,1
FURNI-MJT-SH-X7-WM-LN-FLD-GGRY,2023-02-27,2
TRAMPO-TB-1D2M-BLU,2023-03-02,5
TRAMPO-TB-1D8X1D3M-YLWBLU,2023-03-02,0
TRAMPO-TB-1D26M-BLU,2023-03-02,0
EMWR-MN-MNS05-OAK,2023-03-03,14
TRAMPO-TB-2X2X4M-BLU,2023-03-03,2
EMWRFOLD-MN-MNS06-BRN,2023-03-03,1
TRAMPO-TB-N5688-RED,2023-03-03,0
TRAMPO-TB-N5688-GRY,2023-03-03,0
TRAMPO-TB-2X2X4M-RED,2023-03-03,0
EMWG-MN-MNS04-WOOD,2023-03-03,0
PLAD-MN-MNS01-WGRY,2023-03-03,1
TRAMPO-TB-UP40IN-BLK,2023-03-06,6
MDF08JDGRE-AK,2023-03-06,3
MJT-SH-WCYX4C2TT-MAROON,2023-03-06,0
MJT-SH-DFXS4C2TT-COF,2023-03-06,0
TRAMPO-TB-36IN-BLK,2023-03-06,1
TRAMPO-TB-H150CM-BLU,2023-03-06,2
TRAMPO-TB-H150CM-RED,2023-03-06,0
FIT-AOXIN-M3-ABC2D,2023-03-06,1
MDF07-DQ-P054-WBLK-AK,2023-03-07,1
SP09-RS-CHALLENGPLUS-SLVMIST,2023-03-07,3
SP08-XJ-83-WALGRE,2023-03-07,0
SP09-XJ-94-BBLU,2023-03-07,0
SP09-XJ-961B-MARBLU,2023-03-07,0
SP09-XJ-961W-WALBLU,2023-03-07,0
SP09-XJ-962C-WHTBLU,2023-03-07,0
SP09-XJ-962C-BBLU,2023-03-07,0
SP09-XJ-SMART-BGRE,2023-03-07,0
SP09-XJ-SMART-GGRE,2023-03-07,0
ESCOT-SA-2MA1D-BLK,2023-03-09,0
CCF-TBKEKE-H001FULL-WOOD,2023-03-13,2
CCF-TBTS-OUTDOORSBIG8-WOOD,2023-03-13,0
CCF-TBTS-OUTDOORSBIG6-WOOD,2023-03-13,0
CCF-TBML-OUTDOORSMW01-ORG,2023-03-13,0
CCF-TBML-OUTDOORSMW01-RED,2023-03-13,0
CCF-TBML-OUTDOORSMW01-BLU,2023-03-13,0
CCF-TBHB-SHF4-WOOD,2023-03-13,2
ESCOT-XL-ESBOARDPLUS-BLK,2023-03-13,0
ESCOT-XL-ESBOARD-BLK,2023-03-13,0
ESCOT-XL-ES6S-WHT,2023-03-15,3
CCS-TB-A8-WAL,2023-03-15,10
CCS-TB-F-WAL,2023-03-15,7
ESCOT-XL-ESM8MAX-BLKRED,2023-03-15,1
GAZEBO-LG-3X5RAL7043-BLK,2023-03-16,1
ESCOT-XL-ESM12-WHT,2023-03-16,0
ESCOT-XL-ESM121-WHT,2023-03-16,1
GAZEBO-LG-3X5RAL7043-WHT,2023-03-16,1
GAZEBO-LG-3X5RAL7043-MBRN,2023-03-16,0
BK-XL-ESBIKE11-BLK,2023-03-17,22
BK-XL-ESM20-GRE,2023-03-17,1
BK-XL-ESBIKE01-AGRE,2023-03-17,2
BK-XL-ESBIKE10-WHT,2023-03-17,1
BK-XL-ESM18-BLKYEL,2023-03-17,0
BK-XL-ESBIKE09-SLV,2023-03-17,1
SP09-RS-HERO-GRYBLU,2023-03-20,0
SP09-WB-B7-SLV,2023-03-21,0
SP09-WB-E7-BLK,2023-03-21,0
SP09-WB-SAILOR-BLK,2023-03-21,0
SP09-WB-NEON-WHT,2023-03-21,0
SAUNA-AN-YUF001-OAK,2023-03-22,3
SAUNA-AN-YUF003-OAK,2023-03-22,0
SCHAIR-TB-H157D5CM-BLU,2023-03-23,0
SCHAIR-TB-H157D5CM-GRE,2023-03-23,0
SCHAIR-TB-H157D5CM-WOOD,2023-03-23,0
SCHAIR-TB-H157D5CM-COF,2023-03-23,0
SCHAIR-TB-4PERSON-KHAKI,2023-03-23,0
SCHAIR-TB-4PERSON-COF,2023-03-23,0
SAUNA-AN-PPF004-ORG,2023-03-23,1
TENT-TBYSR-20SQM2D6M-WHT,2023-03-23,0
TENT-TB-4M-WHT,2023-03-24,1
TENT-TB-5M-KAHKI,2023-03-24,0
TENT-TBYSR-SET20SQM-CCOF,2023-03-24,0
SCHAIR-TB-H157-WHT,2023-03-24,0
SCHAIR-TB-H157-COF,2023-03-24,0
SCHAIR-TB-H157-PINK,2023-03-24,0
FIT-JH-D011-GRY,2023-03-25,6
FIT-JH-D05-GRY,2023-03-25,4
FIT-JH-D01-GRY,2023-03-25,2
FIT-JH-D031-GRY,2023-03-25,2
FIT-JH-SMITHD61-BLKYEL,2023-03-27,2
FIT-JH-SMITHD60-BLKORG,2023-03-27,0
EF-YCT-F2031A-BLK,2023-03-27,0
TENT-TBYSK-H173CM-GOLDEN,2023-03-27,0
TENT-TBYSK-H173CM-BLK,2023-03-27,0
TENT-TBKL-H195CM-COF,2023-03-27,1
TENT-TBKL-SET2-COF,2023-03-27,0
SCHAIR-TB-DUBLE-BIRCH,2023-03-28,1
SCHAIR-TB-H195CM-BIRCH,2023-03-28,0
RCHAIR-TB-A1D8M-WOOD,2023-03-28,1
RCHAIR-TB-B1D8M-WOOD,2023-03-28,1
BK-TB-26INCH-YLW,2023-03-29,5
SCHAIR-TB-APPLE-COF,2023-03-29,3
BK-ACC-REFIT-1000W-13AH-AK,2023-03-29,17
MDF08-DQ-P054-WBLK-AK,2023-03-29,1
BK-TB-20INCH-YLW,2023-03-29,12
SCHAIR-TB-XLHORIZON-WHT,2023-03-29,5
BK-TB-26INCH-WHT,2023-03-29,2
BK-TB-20INCH-WHT,2023-03-29,8
SCHAIR-TB-HKSINGLE-WHT,2023-03-29,1
SCHAIR-TB-HKDOUBLE-BRN,2023-03-29,4
SCHAIR-TB-HKSINGLE-BRN,2023-03-29,0
SCHAIR-TB-HKDOUBLE-WHT,2023-03-29,1
CHAIR-TB-MOON-WHT,2023-03-29,0
SWING-TB-148CMASTAND-COF,2023-03-29,0
SWING-TB-128CMROUND-COF,2023-03-29,0
SAUNA-AN-YUF002-OAK,2023-03-29,0
BK-TB-UB9035-BWOOD,2023-03-29,0
BK-TB-UB9035L-WWOOD,2023-03-29,0
SCHAIR-TB-XLWAVEHAND-DBRN,2023-03-29,1
MC-TB-MC3108-BRNBLK,2023-03-29,0
MC-TB-MC3108-WHTORG,2023-03-29,0
MC-TB-MC3108-WHTGRY,2023-03-29,0
PKT-JS-8PCS-WPUPLE,2023-03-29,0
PKT-JS-6PPK-WGRE,2023-03-29,0
RCHAIR-TB-MOON-WOOD,2023-03-30,2
NT-TB-AIRVBAD-BLUYLW,2023-03-30,4
NT-TB-AIRVBADV-GREYLW,2023-03-30,3
MC-TB-MC5218-WHTGRY,2023-03-30,0
MC-TB-MC5218-BLKRED,2023-03-30,0
EMWR-TB-MR950-OAK,2023-03-30,0
EMWR-TB-MR950-BLKWAL,2023-03-30,0
BRACKET-TB-CCARALU3U20-PNK,2023-03-31,6
PBED-MN-MN012-GRY,2023-03-31,2
TMILL-TB-R1H-SLV,2023-03-31,0
GAZEBO-LG-3X9RAL7043-BLK,2023-03-31,0
BK-ACC-REFIT-500W-13AH-AK,2023-04-01,3
PT16-BLU-AK,2023-04-01,7
PBED-MN-MN014-BLK,2023-04-01,18
SPWAL08BLU-AK,2023-04-01,13
SPWAL08RED-AK,2023-04-01,5
PBED-MN-MN015-BLK,2023-04-01,6
SKM-TB-HAND10KG-WOOD,2023-04-01,3
TMILL-EM-EM8600A-WHTBLK,2023-04-01,0
TRAMPO-TB-LIFT-GREORG,2023-04-01,0
TRAMPO-TB-360D-PNK,2023-04-03,4
2P8TTPK-AK,2023-04-03,8
TRAMPO-TB-360D-ORG,2023-04-03,14
TRAMPO-TB-360D-PUR,2023-04-03,10
PBED-MN-MN018-GRY,2023-04-03,8
TRAMPO-TBND-1D5MFLAG-PNKBLU,2023-04-03,8
TRAMPO-TBND-1D5MFLAG-WHTGRE,2023-04-03,1
FIT-EM-EM860-BLKYLW,2023-04-03,0
SPINBIKE-EM-AB6A-BLKYLW,2023-04-04,1
MFIRE-YC-DS08SINGLE-BLK,2023-04-04,0
MFIRE-YC-DM10APP-BLK,2023-04-04,0
MFIRE-YC-DS12SINGLE-BLK,2023-04-04,0
MFIRE-YC-DM15APP-BLK,2023-04-04,0
MFIRE-YC-DM18APP-BLK,2023-04-04,0
SPINBIKE-EM-EM7300-YLW,2023-04-04,1
FIT-EM-MZM002-BLKRED,2023-04-04,0
FIT-EM-MZM004-BLKRED,2023-04-04,0
FIT-EM-MZM007-BLKRED,2023-04-04,0
CCF-TBYO-TRIANGLE-COLORWOOD,2023-04-04,1
CCF-TBYO-002-COLORWOOD,2023-04-04,1
TRAMPO-TBJHSYWY-6G1D55M-BLKBLU,2023-04-04,4
FIT-EM-EM905-REDBLK,2023-04-04,0
FIT-AOXIN-M7S-ABCD2E,2023-04-05,19
FIT-EM-MZM016-BLKRED,2023-04-05,1
JUMPBED-TBQS-SET2-COLOUR,2023-04-05,1
FIT-EM-EM1085-BLK,2023-04-05,0
FIT-EM-EM1081-BLK,2023-04-05,0
FIT-EM-ZYZ013-SLVBLK,2023-04-05,0
STC-EM-EM3028-BLKGRE,2023-04-05,0
FIT-EM-ZYZ002-SLVBLK,2023-04-05,0
FIT-EM-ZYZ006-SLVBLK,2023-04-05,0
JUMPBED-TB-CASTLE-REDBLUYLW,2023-04-05,0
JUMPBED-TBBST-72007-COLOUR,2023-04-05,0
BED-ZY-918-WHT,2023-04-06,5
MDF08BGRE-AK,2023-04-06,1
CCF-TBYO-PLATFORM-WOOD,2023-04-06,3
CCF-TBKZ-140SWING-WOOD,2023-04-06,0
CCF-TBFARORO-CLOUDMAT-WOOD,2023-04-06,0
JUMPBED-TBBST-73022-COLOUR,2023-04-06,0
JUMPBED-TBBST-73002-COLOUR,2023-04-06,0
JUMPBED-TBBST-62030-COLOUR,2023-04-06,0
ST05-JXY-HOLLOW-GLASS,2023-04-07,0
MJT-JS-CONE-YELBLU,2023-04-07,0
MJT-JS-GLASS-PINK,2023-04-07,0
MJT-JS-GLASS-LBLU,2023-04-07,0
MJT-JS-GLASS-BLK,2023-04-07,0
JUMPBED-TBBST-72043-COLOUR,2023-04-07,0
CCF-TBML-1D28M-WOOD,2023-04-07,0
CCF-TBML-TRIANGLE-WOOD,2023-04-07,0
CCF-TBML-AMODEL-WOOD,2023-04-07,0
CCF-TBML-DMODEL-WOOD,2023-04-07,0
MPLAN-DOGHOUSE-52,2023-04-08,3
CCF-TBML-DOUBLE-WOOD,2023-04-08,0
CCF-TBKZ-MINI-WOOD,2023-04-08,0
MDF07-TB-WALGRE,2023-04-08,0
SPCR-TB-L210-YLW,2023-04-08,0
MJT-JS-TURRIFORM-WBLK,2023-04-10,0
TAC-TB-S00952-GWHT,2023-04-11,1
EPT-SKW-1100-BLK,2023-04-11,0
EPT-SKW-96FX3-BLK,2023-04-11,0
EPT-SKW-66FX2PLANE-BLK,2023-04-11,0
SP07-JX-920-RED,2023-04-11,1
SP07-JX-920-GRY,2023-04-11,1
SP07-JX-920-BLU,2023-04-11,0
SP07-JX-920-GRE,2023-04-11,0
BENCH-JX-920H-BLK,2023-04-11,0
BENCH-JX-920H-WHT,2023-04-11,0
BENCH-JX-920H-GRY,2023-04-11,0
SP07-JX-9A012-BLU,2023-04-11,0
SP07-JX-9A012-GRY,2023-04-11,0
SP07-JX-9A012-GRE,2023-04-11,0
SP07-JX-9A012-RED,2023-04-11,0
BENCH-JX-9A012H-WHT,2023-04-11,0
SCHAIR-TB-ONE-BEIGE,2023-04-11,0
SCHAIR-TB-ONE-COF,2023-04-11,0
SCHAIR-TB-DOUBLE-BEIGE,2023-04-11,0
SCHAIR-TB-DOUBLE-COF,2023-04-11,0
TAC-TB-1TABLE2CHAIR-WAL,2023-04-11,0
TAC-TB-1TABLE2CHAIR-WOOD,2023-04-11,0
TAC-TB-S00952-COF,2023-04-11,1
TAC-TB-S00952-BLK,2023-04-11,0
LM-HC-224CC-RED,2023-04-12,3
PT-TB-KID69CM-WALGRE,2023-04-12,1
PT-TB-KID81CM-WALGRE,2023-04-12,0
PT-TB-KID120CM-WALGRE,2023-04-12,0
LM-HC-224CC-YLW,2023-04-12,0
LM-HC-224CC-GRY,2023-04-12,0
PBAR-TB-85130CM-PINK,2023-04-13,18
ST55-JX-1D010A-WAL,2023-04-13,3
PBAR-TB-85130CM-BLU,2023-04-13,7
TENT-TB-2D3MDOME-GRY,2023-04-13,0
AH7D5-JX-699-WRED,2023-04-13,0
ST55-JX-1D010B-ORG,2023-04-13,0
ST55-JX-1D010C-BLK,2023-04-13,0
ST55-JX-199-RED,2023-04-13,0
ST55-JX-1A017-WAL,2023-04-13,0
MPLAN-PLAYGROUND-65,2023-04-13,0
MPLAN-PLAYGROUND-69,2023-04-13,0
214PB-JH-MENG,2023-04-13,0
214PB-JH-DIAMOND,2023-04-13,0
216SB-JH-HJG,2023-04-13,0
216SB-JH-TJ,2023-04-13,0
GAZEBO-TB-7SQM-BROZNE,2023-04-13,0
BK-TB-20INCH3W-BEIGE,2023-04-14,15
BK-TB-20INCH3W-BLK,2023-04-14,13
BK-TB-20INCH3W-RED,2023-04-14,12
HOUSE-TB-H190CM-WHT,2023-04-14,2
HOUSE-TB-H240CM-WHT,2023-04-14,0
CATTERY-TB-H150CM-WOOD,2023-04-14,0
CATTERY-TB-S1H150CM-WOOD,2023-04-14,0
ESCOT-M365PRO-SA-A11-BLK,2023-04-17,43
BUNKBED-TBYS-A809W135CM-WOOD,2023-04-18,2
TAC-TB-SETA-BLK,2023-04-18,0
TAC-TB-SETB-BLK,2023-04-18,0
TAC-TB-SETT-BLK,2023-04-18,0
ECAR-LQ-JP-BLK,2023-04-18,0
ECAR-LQ-JP-BLU,2023-04-18,0
BUNKBED-TBYS-A809W150CM-WOOD,2023-04-18,0
216SB-TB-GD,2023-04-18,0
ESCOT-M365PRO-SA-A11-WHT,2023-04-19,5
BED-ZY-911-BWHT,2023-04-19,1
BED-TB-W150CMB01-OAK,2023-04-19,1
BUNKBED-TBYD-W150CM-WOOD,2023-04-19,1
BUNKBED-TBYD-W135CM-WAL,2023-04-19,1
BUNKBED-TBYD-W150CM-WAL,2023-04-19,0
BUNKBED-TBYD-W135CM-WOOD,2023-04-19,0
BUNKBED-TBMSY-W135CM9911-WAL,2023-04-19,0
BUNKBED-TBMSY-W150CM9911-WAL,2023-04-19,0
BUNKBED-TBBLX-W135CM018-WOOD,2023-04-19,0
BUNKBED-TBBLX-W150CM018-WOOD,2023-04-19,0
BUNKBED-TB-135CMAWWS16-OAK,2023-04-19,0
BUNKBED-TB-150CMAWWS16-OAK,2023-04-19,0
SP10-XP-XW10710S-MAHGRE,2023-04-19,0
SP7-XP-XW7V-BLKRED,2023-04-19,0
SP7-XP-XW7A-WHTBLU,2023-04-19,0
SP7-XP-XW7X-BLKRED,2023-04-19,0
MDF08FOLDGRE-AK,2023-04-20,6
MDF06-BLU-AK,2023-04-20,1
MDF073IN1-DQ-P055-VINWOOD,2023-04-20,3
MDF08FOLDBLU-AK,2023-04-20,11
MPLAN-TENT-285,2023-04-20,7
BK-ACC-REFIT-1000W-10AH-AK,2023-04-20,1
ESCOT-DOKMA-DT2-BLK,2023-04-20,2
MSCOT-HH-ST02-WHT,2023-04-20,3
214PB-TB-8AHJG,2023-04-20,0
214PB-TB-HJGTVGB,2023-04-20,0
214PB-TB-PLUMBLM,2023-04-20,0
214PB-TB-DIAMOND,2023-04-20,0
214PB-TB-DYL,2023-04-20,0
214PB-TB-XK8ATV,2023-04-20,1
214PB-TB-TWSJ,2023-04-20,0
214PB-TB-TWTVSJ,2023-04-20,0
214PB-TB-HJGTVSJ,2023-04-20,0
BED-ZY-9131-WHTORG,2023-04-20,0
FIT-AOXIN-X6,2023-04-20,0
PKT07-DQ-OVAL-PK017-BLK-RED,2023-04-20,5
FIT-AOXIN-E8-BLK-AB2E,2023-04-20,0
CUE9B-KL-AK75001-REDBLK,2023-04-20,0
CUE9B-KL-KL05L-BLUWHT,2023-04-20,0
CUE9B-KL-KL08-REDBLUBLK,2023-04-20,0
CUE9B-KL-KL09-BRNBLK,2023-04-20,3
CUE9B-KL-KL10BF-LBLUBLK,2023-04-20,0
CUE9B-KL-KL10YF-YLWBLK,2023-04-20,0
CUE9B-KL-LW1L-ORGBLK,2023-04-20,0
CUE9B-KL-LW2L-DBLUBLK,2023-04-20,1
CUE9B-KL-AS1F-REDBLK,2023-04-20,0
CUE9B-KL-AS2F-REDBLK,2023-04-20,0
MDF08BBLU-AK,2023-04-21,6
ECAR-HH-MOB36-BLK,2023-04-21,0
ECAR-HH-MOB36-BLU,2023-04-21,0
ECAR-HH-MOB36-RED,2023-04-21,0
MSCOT-HH-MOB56A-RED,2023-04-21,0
MSCOT-HH-MOB56B-RED,2023-04-21,2
MSCOT-HH-MOB58-WHT,2023-04-21,1
SURFBOARD-YT-F1MINI-WHT,2023-04-21,0
SURFBOARD-YT-F2-WHT,2023-04-21,0
SURFBOARD-YT-F2D-WHT,2023-04-21,0
CUE9B-KL-KLA1-BLUWHTRED,2023-04-21,0
CUE9B-KL-KL12BF-BLK,2023-04-21,4
CUE9B-KL-KL12WF-WHTBLK,2023-04-21,0
CUE9B-KL-AK7512BF-BLUBLK,2023-04-21,0
CUE9B-KL-AK7512WF-WHTBLUBLK,2023-04-21,0
CUE9B-KL-JFSTAR-WHTBLK,2023-04-21,0
CUE9B-KL-KL2018F-WHTBLUBLK,2023-04-21,0
CUE9B-KL-AK75002-WHTBLK,2023-04-21,0
CUE9B-KL-KL01FR-REDBLK,2023-04-21,0
CUE9B-KL-KL01BR-BLK,2023-04-21,0
CUE9B-KL-KL01WR-WHTBLK,2023-04-21,0
BK-MONT-AKEZ002-GRY-RED-250W,2023-04-25,5
MATTRESS-ZY-TRNBED,2023-04-25,2
ESCOT-M365PRO-SA-A11-ST-BLK,2023-04-26,5
BED-TB-W150CMSINGLE-WOOD,2023-04-26,0
BED-TB-W135CMSINGLE-WOOD,2023-04-26,0
ESCOT-LX-OFFRD-G2,2023-04-26,0
BED-ZY-A03-PNK,2023-04-26,5
SP09-CL-CAROM-BLU-ABCD2EF,2023-04-27,2
SOCCER5-TB-JEBU-BLU,2023-04-28,7
TBSET-TB-DKNGHT2-BLK,2023-04-28,2
BK-GT-26G2S-BLKYLW,2023-04-28,0
BK-GT-27D5G2S-BLKYLW,2023-04-28,0
BK-GT-27D5G1-BLKRED,2023-04-28,0
ESCOT-LX-250WM365-BLK,2023-04-28,2
TBSET-TB-DOUBLE-BLUORG,2023-04-28,0
SOCCER5-TB-WCUP-YLWBLU,2023-04-28,0
SOCCER5-TB-REFLEC-SLVWHT,2023-04-28,0
VLYBALL5-TB-THICK-YLWWHTBLU,2023-04-28,0
VLYBALL5-TB-THICK-BLUWHT,2023-04-28,0
TTCB-TB-1PLUX-BLU,2023-04-28,0
TBSET-TB-STLW2-WHT,2023-04-28,0
SOCCER5-TB-RED-RED,2023-04-28,0
GOLFBALL3L-TB-Q017-WHT,2023-04-28,0
VLYBALL5-TB-STARSAND-YLW,2023-04-28,0
VLYBALL5-TB-STARSAND-RED,2023-04-28,0
VLYBALL5-TB-STARSAND-PUR,2023-04-28,0
MDF06FOLD-JXY-06FLD-RED,2023-04-28,2
BK-MONT-AKEZ-SPK-GRY,2023-04-29,1
ESCOT-DOKMA-R8PLUS-BRED,2023-04-29,6
MDF1D2FOLD-TB-KID-BGRE,2023-04-29,3
MC-KPR-MC825-WHT,2023-04-29,0
MDF0D9-TB-KID-WALGRE,2023-04-29,1
CUE9B-KL-AING1F-BLK,2023-04-29,0
CUE9B-KL-AING1WF-WHTBLK,2023-04-29,0
CUE9B-KL-NTZC2-YLWREDBLK,2023-04-29,0
CUE9B-KL-DRAGON1-WHTBLK,2023-04-29,0
CUE9B-KL-DRAGON2-WHTBLK,2023-04-29,0
CUE9B-KL-DRAGON3-WHTBLK,2023-04-29,1
CUE9B-KL-CXDP1-WOOD,2023-04-29,0
TT-BM-JT-A,2023-05-01,8
TT-BM-H600,2023-05-01,4
MDF1D4FOLDTT2IN1-TB-KID-BGRE,2023-05-01,2
BK-MONT-AKEZ-PREM-SPK-WHT,2023-05-02,4
TT-DF-353-BLK,2023-05-02,1
BK-FIDICO-MINIBULLET-BLK,2023-05-02,0
TT-DF-B330-GRYBLU,2023-05-02,0
GOLFCLUB56-TB-SG002-SLV,2023-05-03,1
MC-KPR-MC920-WHT,2023-05-03,1
AH08-SKW-300W-BLU,2023-05-03,0
GOLFCLUB60-TB-SG002-SLV,2023-05-03,0
MPLAN-TENT-277,2023-05-03,0
TT-DF-325-BLK,2023-05-03,1
TT-DF-303-REDBLU,2023-05-03,0
TT-DF-301-BBLU,2023-05-03,0
TT-DF-309-BBLU,2023-05-03,0
TT-DF-C1-GRYBLU,2023-05-03,0
TBM-TB-TBT01-RED,2023-05-03,0
BK-MONT-AKEZ002-WHT-BLU,2023-05-04,9
MDF08BBLK-AK,2023-05-04,2
TT-DF-518E-BBLU,2023-05-04,1
TT-DF-2028S-BBLU,2023-05-04,1
TT-DF-25MMDOUBLE-WRED,2023-05-04,1
SOCCER5-TB-STAR-BLKGRY,2023-05-04,0
RABCAGE-TB-LARGE-YLW,2023-05-04,0
RABCAGE-TB-SMALL-GRY,2023-05-04,0
GAZEBO-TB-4X3M-ROSE,2023-05-04,0
GAZEBO-TB-3X3M-BEIGE,2023-05-04,0
DB-TB-DIA1D5M-CLF,2023-05-04,2
DB-TB-DIA2MSTAND-CLF,2023-05-04,0
TT-DF-22MMDOUBLE-WRED,2023-05-04,0
TT-DF-18MMDOUBLE-WRED,2023-05-04,0
TT-DF-323-REDBLU,2023-05-04,0
TENT-TB-ACT-GRY,2023-05-04,1
TENT-TB-MIDDLE-WHTCOFFEE,2023-05-04,0
TENT-TB-MIDDLE-BLKCOFFEE,2023-05-04,0
TENT-TB-SARDINE-CYAN,2023-05-04,0
TENT-TB-CF01-ORGCOF,2023-05-04,0
SPWAL07GRE-AK,2023-05-05,23
EBBALL-TB-CD9140KID-BLU,2023-05-05,2
GOLFPR-TB-GL002-GRE,2023-05-05,2
DRYINGBOX-TB-UP800W-WHT,2023-05-05,1
BED-TB-RMC180CMTB79-WHT,2023-05-05,0
GAZEBO-TB-5D3X2D8M-GRE,2023-05-05,0
AH024-TB-TPF2601-BYLW,2023-05-05,1
AH032-TB-H1501-BRED,2023-05-05,0
AH033-TB-H4001-WGRE,2023-05-05,0
AH04-TB-H48170-BWHT,2023-05-05,0
TT-DF-VOLANTX1-REDBLU,2023-05-05,0
TT-DF-VOLANTKING2-REDBLU,2023-05-05,0
TT-DF-VOLANTKING2-ORGGRE,2023-05-05,0
TT-DF-VOLANTKING2-PURPLEBLK,2023-05-05,1
BADNET-TB-3M-GREBLU,2023-05-05,0
BADNET-TB-5M-GREGRY,2023-05-05,1
BAS-TB-PRO-WHT,2023-05-05,0
TT-DF-266-GOLDBLK,2023-05-06,0
TT-DF-VOLANTDREAM2-YGBLU,2023-05-06,0
TT-DF-VOLANT2B-REDBLU,2023-05-06,0
SOLARPANELS-TB-38W3F-BLK,2023-05-06,0
SOLARPANELS-TB-100W-BLK,2023-05-06,0
SOLARPANELS-TB-50W-BLK,2023-05-06,0
SOLARPANELS-KR-100W2F-BLK,2023-05-06,0
AH065-TB-PL1634-BLK,2023-05-08,3
AH05-TB-H1508-BWOOD,2023-05-08,2
TEAATVTABLE-TB-SET-WHT,2023-05-08,0
TEATABLE-TB-LIFT-WHT,2023-05-08,0
TEATABLE-TB-MOVE-BLK,2023-05-08,0
SOLARPANELS-KR-100W4F-BLK,2023-05-08,0
SOLARPANELS-KR-200W4FETFE-BLK,2023-05-08,0
SOLARPANELS-KR-200W4FPET-BLK,2023-05-08,0
AH045-TB-H1505-WHTBLU,2023-05-08,0
AH05-TB-H1508PRO-BRED,2023-05-08,0
AH05-TB-H508BE-BLK,2023-05-08,0
CPO-YCT-600-GRY,2023-05-08,0
BK-FIDICO-BULLET6032-GRY,2023-05-08,0
ESCOT-FIDICO-60V45ABK1145-BLK,2023-05-08,0
ESCOT-FIDICO-72V45ALK1345-BLK,2023-05-08,0
EW-ETAKE-AW125-GLD,2023-05-08,0
HT-JXY-50023-BBLU,2023-05-08,0
ESCOT-M365MAX-SA-A3-BLK,2023-05-09,56
DH19BLK-UG-AK-OB,2023-05-09,3
MC-KPR-MCA6-BLU,2023-05-09,2
TENS-HR-QYCI-BLK,2023-05-09,1
EF-YCT-F2050A-BLK,2023-05-09,0
MDF06-GRE-AK,2023-05-09,2
SOLARPANELS-KR-28W-BBLU,2023-05-09,0
SOLARPANELS-KR-21W-BBLU,2023-05-09,0
CPO-YCT-800G-GRYRED,2023-05-09,0
CPO-YCT-800-GRY,2023-05-09,0
FIT-EM-EM1032-BLK,2023-05-09,0
AH034IN1-TB-M3608LN-BBLU,2023-05-09,0
AH044IN1-TB-M48190N-BBLU,2023-05-09,2
AH03520IN1-TB-M4875020N-BGRE,2023-05-09,0
AH034IN1-TB-05190002-BBLU,2023-05-09,0
AH0645IN1-TB-M8401-WOOD,2023-05-09,0
MDF073IN1-DQ-P055-WHTBLU,2023-05-11,2
SP09-WYJ-CHINA8-SLVGRE,2023-05-13,0
BK-JLAN-1802-BLK,2023-05-13,0
BK-JLAN-1806-BLK,2023-05-13,0
PBED-MN-ALMNS03-WHTGRY,2023-05-15,15
SP09-WYJ-WY20-YLWDGRY,2023-05-15,1
MSCOT-JLAN-1706-BLK,2023-05-15,2
SP07-WYJ-WY20-YLWDGRY,2023-05-15,0
SP08-WYJ-WY20-YLWDGRY,2023-05-15,0
SP09-WYJ-WP11-BLKDGRY,2023-05-15,0
SP08-WYJ-WP11-BLKDGRY,2023-05-15,0
SP07-WYJ-WP11-BLKDGRY,2023-05-15,0
HRD-YOUM-360-PNK,2023-05-15,0
HRD-YOUM-808-WHT,2023-05-15,0
BK-JLAN-1905-BLK,2023-05-15,1
BK-JLAN-1906-GRE,2023-05-15,0
SP07-WYJ-WP06-GRYBLU,2023-05-15,0
SP08-WYJ-WP06-GRYBLU,2023-05-15,0
SP09-WYJ-WP06-GRYBLU,2023-05-15,0
SP12-SD-SNOOKER-GOLDGRE,2023-05-16,6
MC-YJ-S9-WCOF,2023-05-16,3
MC-YJ-S9A-BEIGE,2023-05-16,4
SP09-SD-RZMST-MAHBLU,2023-05-16,0
SP09-SD-RZMST-BBLU,2023-05-16,0
FENCE-TB-80CM-PNK,2023-05-16,0
FENCE-TB-80CM-GRY,2023-05-16,0
FENCE-TB-100CM-PNK,2023-05-16,0
FENCE-TB-100CM-GRY,2023-05-16,1
FENCE-TB-120CM-GRY,2023-05-16,0
FENCE-TB-120CM-BEIGE,2023-05-16,0
FENCE-TB-150CM-PNK,2023-05-16,0
FENCE-TB-150CM-BEIGE,2023-05-16,0
FENCE-TB-150CM-GRY,2023-05-16,0
HRD-YOUM-808WP-WHT,2023-05-16,0
HRD-YOUM-808FT15INCH-WHT,2023-05-16,0
EWM-YOUM-LSWC-BWHT,2023-05-16,0
MP-YOUM-MXS-WHT,2023-05-16,0
PC-YOUM-MTS-WHT,2023-05-16,0
MC-YJ-S9B-KHAKI,2023-05-17,16
PBED-MN-ALMNS02-WHTGRY,2023-05-17,9
MC-YJ-X7S-GRE,2023-05-17,2
SC-TB-MD8062-WALBLK,2023-05-17,3
BIKE-SPIN-AOXIN-707,2023-05-17,1
FENCE-TB-180CM-PNK,2023-05-17,0
FENCE-TB-180CM-BEIGE,2023-05-17,0
FENCE-TB-180CM-GRY,2023-05-17,0
FENCE-TB-190CM-BEIGE,2023-05-17,0
FENCE-TB-190CM-GRY,2023-05-17,0
FENCE-TB-200CM-BEIGE,2023-05-17,0
FENCE-TB-200CM-GRY,2023-05-17,0
SOFA-TB-SINGLE-BLK,2023-05-17,0
MC-TB-SINGLE-ORG,2023-05-17,0
SC-TB-WUSBLEFT-LGRY,2023-05-17,0
SC-TB-PQ9057-GOLDBLK,2023-05-17,0
SC-TB-PQ9057-GOLDWHT,2023-05-17,0
SC-TB-BXG-KAKI,2023-05-17,4
SC-TB-BXG-WHT,2023-05-17,0
SC-TB-BXG-LGRY,2023-05-17,1
SC-TB-MD8062-WAL,2023-05-17,0
BK-MONT-AKEZ002-GRY-RED,2023-05-18,13
SC-TB-J3-GRY,2023-05-18,4
SC-TB-J3-WHT,2023-05-18,5
FENCE-TB-220CM-BEIGE,2023-05-18,0
FENCE-TB-220CM-GRY,2023-05-18,0
BED-TB-ZF150CMFOLD-GRY,2023-05-18,1
BED-TB-CF135CMFOLD-GRY,2023-05-18,0
SPA-EAST-NOE161S-BLK,2023-05-18,1
SPA-EAST-NOM374D-BLK,2023-05-18,0
TEATABLE-TB-CJ502-GRY,2023-05-18,0
TTTABLE-TB-CJ502-GRY,2023-05-18,0
TEATABLE-TB-80CM-WGRY,2023-05-18,0
WBED-TB-150CMFOLD-WHT,2023-05-18,0
WBED-TB-120CMFOLD-WHT,2023-05-18,0
EF-TB-1D2M-BRN,2023-05-18,0
MC-TB-SINGLE-BEIGE,2023-05-18,2
SOFA-TB-ELSINGLE-GRY,2023-05-18,0
ESCOT-LX-SG,2023-05-19,10
BK-SNOW-LX-R1ZCC-WHT,2023-05-19,4
FURNI-MJT-SH-X7-WM-LN-FLD-CHAM,2023-05-19,2
FURNI-MJT-SH-X7-DT-CHAM,2023-05-19,1
MSCOT-LX-OP18S-RED-AB,2023-05-19,1
FIT-LEEKON-8817-SLVBRN,2023-05-19,0
FIT-LEEKON-8802-SLVBRN,2023-05-19,0
FIT-LEEKON-8801-SLVBRN,2023-05-19,0
BED-TB-ME150CMFOLD-WHT,2023-05-19,0
BED-TB-ME120CMFOLD-WHT,2023-05-19,0
PBED-LEEKON-T61-YLW,2023-05-19,0
PBED-LEEKON-T59-WBLK,2023-05-19,0
FIT-LEEKON-8807-SLVBRN,2023-05-19,0
FIT-LEEKON-8826-SLVBRN,2023-05-19,0
FIT-LEEKON-F06-WBLK,2023-05-19,0
SPA-EAST-NOM342D-BLK,2023-05-19,0
PBED-LEEKON-T53-BLK,2023-05-19,0
PBED-LEEKON-K20-BEIGE,2023-05-19,5
MDF07-JXY-CONVERT-WOODBLU,2023-05-20,10
BK-SNOW-LX-R1ZCC-BLK,2023-05-22,48
AH07-RQ-G184012-BBLU,2023-05-22,6
BK-MONT-AKEZ-007-WHT,2023-05-22,1
BS-MDUNK-IRONMAN50,2023-05-22,1
SP07-WYJ-WP09-BLKBLK,2023-05-23,1
SP08-WYJ-WYJ03-GRYRED,2023-05-23,1
SP07-WYJ-YJ05-GRYBLU,2023-05-23,0
SP08-WYJ-YJ05-GRYBLU,2023-05-23,0
SP09-WYJ-WP09-BLKBLK,2023-05-23,1
SP08-WYJ-WP09-BLKBLK,2023-05-23,0
SP09-WYJ-G02-GRYBLU,2023-05-23,0
SP08-WYJ-G02-GRYBLU,2023-05-23,0
SP08-WYJ-G01-WHTYLW,2023-05-23,0
BK-MONT-AKEZ-SPK-WHT,2023-05-23,0
SP07-WYJ-WYJ03-GRYRED,2023-05-23,1
SP07-WYJ-WYJ004-WHTBLU,2023-05-23,0
SP08-WYJ-WYJ004-WHTBLU,2023-05-23,2
BK-MONT-AKEZ-007-BLK,2023-05-24,2
BED-TBYR-120CMFOLD-GRY,2023-05-24,0
BED-TB-150CMFOLD-GRY,2023-05-24,0
SP09-RS-SWORD2-BLK,2023-05-24,0
SP09-RS-MAGNUM2-BLK,2023-05-24,0
BED-TB-80CMFOLD-GRY,2023-05-24,0
BED-TB-90CMFOLD-COF,2023-05-24,1
BED-TBNJ-120CMFOLD-GRY,2023-05-24,4
BED-TB-CF150CMFOLD-BLK,2023-05-25,0
BED-TB-CF135CMFOLD-BLK,2023-05-25,0
ESCOT-JLAN-2303-COLF,2023-05-26,12
SPROOM-TB-BLF17-WHT,2023-05-26,2
FOLDSHED-TB-5D6M-SLVGRY,2023-05-26,5
DECFID-TB-06-BEIGE,2023-05-26,4
FOLDSHED-TB-6M-SLVGRY,2023-05-26,6
AH10-7-AK,2023-05-26,5
ECATTERY-TB-L-BRN,2023-05-26,0
TEATABLE-TB-ZNAPPCD-WHT,2023-05-26,0
TTTABLE-TB-ZNAPPCD-BWHT,2023-05-26,0
TABLE3IN1-TB-120CM-KHAKI,2023-05-26,0
SPROOM-TB-BLF03-WHT,2023-05-26,0
SPROOM-TB-BLF11-WHT,2023-05-26,0
SPROOM-TB-SF1103-LGRY,2023-05-26,0
RABCAGE-TB-SMALL-WOOD,2023-05-26,0
SOFA-TB-PE-BEIGE,2023-05-26,0
SOFA-TB-HAND216CM-DORG,2023-05-26,0
SOFA-TB-210CM-DORG,2023-05-26,0
SOFA-TB-EL336CM-DORG,2023-05-26,0
ECWC-TB-TSX-BLK,2023-05-26,0
FOLDLAD-TB-275T3M-BWHT,2023-05-26,4
CABINET-TB-L125CM-BRN,2023-05-26,0
TENT-ZH-3D3M-TT,2023-05-26,0
TENT-ZH-4D2X3D3M-TT,2023-05-26,0
ESCOT-WG-H8-BRED,2023-05-26,0
FOLDSHED-TB-6D4M-SLVGRY,2023-05-26,5
AMBED-TB-HAIR-WHT,2023-05-26,3
TENT-ZH-2D7M-TT,2023-05-26,0
TENT-ZH-3D8M-TT,2023-05-26,0
TENT-ZH-5X3D8M-TT,2023-05-26,0
TENT-ZH-6D2X3D8M-TT,2023-05-26,0
TENT-ZH-8D6X3D8M-TT,2023-05-26,0
TENT-ZH-3D8A2D7M-TT,2023-05-26,0
TENT-ZH-5X3D8A2D7M-TT,2023-05-26,0
ESCOT-TS-8010-BLK,2023-05-30,1
ESCOT-TS-6010S-BLK,2023-05-30,0
ESCOT-TS-8010ELECTRO-CFL,2023-05-30,0
ESCOT-ZN-SMD303-BRED,2023-05-31,1
ST05BLK-AK,2023-06-02,15
SP08-WYJ-WP06-BLKBLU,2023-06-02,1
BK-MONT-BMNZ-1P-WHT,2023-06-02,0
SP07-WYJ-P4-OAK,2023-06-02,0
SP07-WYJ-P1-OAK,2023-06-02,0
ESCOT-ZN-SMD301-BLK,2023-06-03,6
SP08-WYJ-HESTIA-MAH,2023-06-03,2
DESK-TBLS-L2M-GRY,2023-06-06,3
DESK-TB-2D4X0D9M-WALBRN,2023-06-06,3
DESK-TBLS-2D6X0D9M-WALBRN,2023-06-06,1
DESK-TBLS-L2D2M-GRY,2023-06-06,1
DESK-TBLS-1D4X1D2M-WAL,2023-06-06,0
DESK-TBLS-1D8X1D2M-WAL,2023-06-06,2
MSCOT-TSM-E2DMOT-BRED,2023-06-06,0
MSCOT-TSM-E3DMOT-BRED,2023-06-06,1
MSCOT-TSM-E3-BWHT,2023-06-06,0
MSCOT-TSM-E2A-YLW,2023-06-06,0
MSCOT-TSM-E2-BRED,2023-06-06,3
MSCOT-TSM-E4DMOT-BRED,2023-06-06,0
MSCOT-TSM-D-WHT,2023-06-06,0
MSCOT-TSM-E3WSHED-BWHT,2023-06-06,0
PCHAIR-MN-MN003-GRY,2023-06-07,18
ST05-JXY-5012-ORG,2023-06-07,5
MC-YJ-V10-GRY,2023-06-07,2
SBAG-TBHOTMAN-KID-BLK,2023-06-07,7
BK-TBICOLOUR-20INCH7S-CLFBLU,2023-06-07,14
BK-TBICOLOUR-20INCH7S-CLFPNK,2023-06-07,10
CHAIR-TBLH-A819-WHTGRY,2023-06-07,6
MC-YJ-L27-BLU,2023-06-07,5
MC-YJ-X91-GRY,2023-06-07,3
FIT-AOXIN-MLDK2,2023-06-07,0
MC-YJ-L36-GRY,2023-06-07,0
MC-YJ-L35-BLU,2023-06-07,0
MC-YJ-L30-BLU,2023-06-07,0
MC-YJ-L26A-GRYBRN,2023-06-07,0
MC-YJ-L26-GRY,2023-06-07,0
MC-YJ-L25-GRN,2023-06-07,0
MC-YJ-V8-GRY,2023-06-07,0
MC-YJ-X9-BRN,2023-06-07,0
TLC-ZW-ZW387D-WYLW,2023-06-07,0
MSCOT-ETAKE-JCD414P-BRN,2023-06-07,0
PSBALL-TBXLS-H160CM-RED,2023-06-07,0
PSBALL-TBXLS-H160CM-BLK,2023-06-07,2
SBAG-TBXLS-KIDXK-BLU,2023-06-07,0
SBAG-TBXLS-ALLPLUS-BLK,2023-06-07,4
SBAG-TBHOTMAN-KID-SLV,2023-06-07,2
BK-TBYX-26INCH21S-BWHT,2023-06-07,3
BK-TBYX-26INCH21S-BRED,2023-06-07,2
BK-TBYX-26INCH21S-BBLU,2023-06-07,2
BK-TBYX-26INCH21S-CLF,2023-06-07,1
BK-TBYX-26INCH21S-WHTBLU,2023-06-07,0
BK-TBICOLOUR-20INCH7S-BBLU,2023-06-07,3
BK-TBICOLOUR-20INCH7S-BRED,2023-06-07,6
BK-TBICOLOUR-20INCH7S-BWHT,2023-06-07,3
BK-TBICOLOUR-20INCH7S-BSLV,2023-06-07,0
BK-TBMX-18INCH-BEIGE,2023-06-07,0
BK-TBMX-18INCH-PNK,2023-06-07,2
CHAIR-TBMS-HBNET-BLK,2023-06-07,0
CHAIR-TBMS-HBSMP-WHT,2023-06-07,0
CHAIR-TBLH-A819-BLK,2023-06-07,0
BK-XJ-DB15AH48V-BLK,2023-06-07,0
BK-XJ-DB20AH36V-ORG,2023-06-07,0
BK-XJ-2WT13AH36V-ORG,2023-06-07,0
BK-XJ-DBMS13AH48V-BLK,2023-06-07,0
ESCOT-XJ-ECS15AH48V-ORG,2023-06-07,0
ESCOT-SA-A5-BLK,2023-06-08,1
MPLAN-TENT-402,2023-06-08,1
ESCOT-M365-LX-WHT,2023-06-08,0
EF-YCT-F2060A-BLK,2023-06-08,1
PT25-AK,2023-06-12,1
MDF07-DQ-P035-3IN1-WOODBLK,2023-06-12,2
MDF36ROU-JXY-PLC36-BRED,2023-06-12,0
ESOCT-LX-F8-BRED,2023-06-13,0
SPWHT08BLU-AK,2023-06-13,5
MDF06FOLD-JXY-555-WBLU,2023-06-13,0
ESCOT-YD-SM20AD70-RED,2023-06-14,0
BUNKBED-XC-DB002-GRY,2023-06-14,28
EW-ETAKE-AW124-BLK,2023-06-15,1
CHAIR-TBLSG-SJPLUS-WHT,2023-06-17,24
UBLA-TB-250X130CM-DGRE,2023-06-17,0
CHAIR-TBLSG-SJPLUS-BLU,2023-06-17,5
TTT-DHS-DCH-BLURED,2023-06-17,0
TTT-DHS-DCH-BLKRED,2023-06-17,0
TTT-DHS-LED-BLUYLW,2023-06-17,0
TTT-DHS-RAINBOW2-BLU,2023-06-17,0
TTT-DHS-RAINBOW3-BLU,2023-06-17,0
TTT-DHS-RAINBOW5-BLK,2023-06-17,0
TTT-DHS-RAINBOW5-BLU,2023-06-17,0
TTT-DHS-T1223-BLU,2023-06-17,0
TTT-DHS-T1223-BLK,2023-06-17,0
FU-MC-MJ-A01,2023-06-17,0
SBIKE-TB-JFF183T1-WHT,2023-06-19,0
FIT-TB-WT50-GRE,2023-06-19,0
WINEC-TBHJ-170DB-WHT,2023-06-19,0
WINEC-TBHJ-145DB-WHT,2023-06-19,0
EF-TBHJ-1M-WHT,2023-06-19,4
SC-TBFMN-1176-WOODGOLD,2023-06-19,0
MJT-SH-PGMUTFLD4C-BLK,2023-06-19,0
BK-MONT-BMNZ-1P-BLK,2023-06-19,0
RCAR-TBLD-4WD12V7-BLK,2023-06-20,1
RCAR-TB-4WD12V-BRED,2023-06-20,15
SOFA-TBXW-8008-GRY,2023-06-20,0
SOFA-TBDLA-HAND5505-GRE,2023-06-20,0
SOFA-TBDLA-ELD5505-GRE,2023-06-20,0
TT-TBZP-L2D4M-DWAL,2023-06-20,0
BED-TBWG-R150CM-WHT,2023-06-20,0
BED-TBWD-150X200CM-GRY,2023-06-20,0
DIVBTR-WZ-SS5001-YLW,2023-06-20,0
MAT-ZR-GEYIN20MM-BLK,2023-06-20,0
MAT-ZR-JIANZHEN20MM-BLK,2023-06-20,18
SC-TBHEJ-H60CM-YLW,2023-06-20,0
SC-TBHEJ-C2-YLW,2023-06-20,0
FOLDBT-TBSK-2L-PNK,2023-06-20,0
CBED-TB-DQQK-WHT,2023-06-20,1
MDF07COIN-DQ-P058-WOODGRE,2023-06-20,0
MDF08COIN-DQ-P058-WOODGRE,2023-06-20,0
TEAMJT-TBYC-1T4C-WHT,2023-06-20,0
RCAR-TBLD-4WD12V7-RED,2023-06-20,0
RCAR-TBTMSJ-2WD12V-RED,2023-06-20,2
RCAR-TBTMSJ-2WD12V-WHT,2023-06-20,0
RCAR-TB-STANDARD4WD-RED,2023-06-20,1
RCAR-TB-STANDARD4WD5H-BEIGE,2023-06-20,1
RCAR-TB-4WD12V-BWHT,2023-06-20,9
TVCB-TB-180X45CM-OAK,2023-06-21,0
SC-TB-HPG702-DBLU,2023-06-21,0
ESCOT-XS-W10-BLK,2023-06-21,15
CCM-SKW-XM-PNK,2023-06-21,6
BED-TB-GIRL-135CM-PNK,2023-06-21,1
BED-TB-GIRL-150CM-PNK,2023-06-21,0
BED-TB-GIRL-135CM-PURPLE,2023-06-21,0
BED-TB-GIRL-150CM-PURPLE,2023-06-21,0
TTT-KE-300-BLU,2023-06-21,0
BED-TBLH-KID135CM-WHT,2023-06-21,0
BED-TBLH-KID150CM-WHT,2023-06-21,0
BED-TBLH-KID150CM-BLU,2023-06-21,0
BED-TBLH-KID135CM-BLU,2023-06-21,0
BED-TBSP-KID135CM-BLU,2023-06-21,1
BED-TBSP-KID150CM-BLU,2023-06-21,0
BED-TBLH-KIDCAR135CM-BLU,2023-06-21,0
BED-TBLH-KIDCAR150CM-BLU,2023-06-21,1
BED-TBLH-KIDCAR150CM-YLW,2023-06-21,0
BED-TBLH-KIDCAR135CM-YLW,2023-06-21,0
BED-TBTZTQ-150CMRABT-PNK,2023-06-21,0
BED-TBZD-150X200CM-PNK,2023-06-21,0
LM-HC-240-RED,2023-06-21,0
MFCB-TB-DP65L-WHT,2023-06-21,0
BSM-SKW-120W-BLK,2023-06-21,3
BSM-SKW-JY100W-BLK,2023-06-21,0
BSM-SKW-QM150W-BLK,2023-06-21,1
BSM-SKW-XF500W-BLK,2023-06-21,0
BED-TBKMN-2M-WHT,2023-06-21,0
BED-TBDY-150X200CM-WHT,2023-06-21,0
KART-TBTL-2DRIVE-WHT,2023-06-21,1
ESCOT-TB-60V30KM-BLK,2023-06-21,0
FOLDCT-TB-C650B17-BRN,2023-06-21,0
SP09-WYJ-4D-OAK,2023-06-21,1
MC-KPR-MC822-WHT,2023-06-21,0
ESCOT-SA-A3C-TIGRY,2023-06-21,0
ESCOT-ZN-SMDEEC06-BLK,2023-06-21,0
FIT-EM-EM985-BLK,2023-06-28,0
FIT-EM-EM845-BLKYLW,2023-06-30,0
FIT-EM-EM855-BLKYLW,2023-06-30,0
FIT-EM-XH022-BLKRED,2023-07-01,0
FIT-EM-ZYZ010-SLVBLK,2023-07-01,0
FIT-EM-ZYZ016-SLVBLK,2023-07-01,0
CCM-1688-4PLUX-YLW,2023-07-03,0
CCM-1688-RHJZJ-BLU,2023-07-03,0
CCM-1688-4PISLND-WHTBLU,2023-07-03,0
ICM-1688-AWZN039-PNK,2023-07-03,0
EFFT-1688-JF24V12A-BLU,2023-07-03,0
ETM-1688-DZY5414-WHTBLU,2023-07-03,0
TROLLEY-1688-XTXM0304-BLU,2023-07-03,0
CVM-1688-ZD49-PNK,2023-07-03,0
MM-1688-CT503-PNKBLU,2023-07-03,0
EFFT-1688-XYZ580W-SLV,2023-07-03,0
BK-1688-ZT12-KHAKI,2023-07-03,15
FIT-EM-EM915-REDBLK,2023-07-04,0
FIT-EM-EM925-REDBLK,2023-07-04,0
FIT-EM-EM927-REDBLK,2023-07-04,0
FIT-EM-EM946-REDBLK,2023-07-04,0
MC-TB-SF7226-WHT,2023-07-04,0
FB-TB-HZXGJDX-BLK,2023-07-04,1
DB-TB-KMJX1613-OAK,2023-07-04,0
EF-1688-RYJ17129-BLK,2023-07-04,0
SPINBIKE-EM-R007-BLK,2023-07-04,0
FIT-EM-EM360-BLKYELBLU,2023-07-04,0
FIT-EM-XB604-BLKYLW,2023-07-04,0
SPINBIKE-EM-B010-BLK,2023-07-04,0
JUMPBED-YJ-WB009-WHT,2023-07-05,3
JUMPBED-YJ-0114-WHT,2023-07-05,1
JUMPBED-YJ-WB009-CL,2023-07-05,0
BK-ALBB-48CMR10-DGRY,2023-07-07,0
BK-ALBB-50CMRS22-BRED,2023-07-07,0
BK-ALBB-26INCH-BWHT,2023-07-07,2
BK-ALBB-27SPEED-BRED,2023-07-07,0
BK-ALBB-DBSSBY-RED,2023-07-07,0
BK-ALBB-MUL-BWHT,2023-07-07,2
MSCOT-ALBB-3W48V12A-RED,2023-07-07,0
MSCOT-ALBB-3W48V12A-BLK,2023-07-07,0
BK-ALBB-18INCH-GRY,2023-07-07,0
BK-ALBB-14INCHBS-WHT,2023-07-07,2
BK-ALBB-14INCH3W-RED,2023-07-07,0
BK-ALBB-16INCH3W-WIN,2023-07-07,5
MPLAN-DOGHOUSE-87,2023-07-08,2
TENT-TB-31313WMAT-RED,2023-07-11,1
SAUNA-TB-SSBOX-WOOD,2023-07-11,0
CART-TB-WOP-BLK,2023-07-11,5
WRBALL-ALBB-2D2X2M-PNK,2023-07-11,0
WRBALL-ALBB-2D2X2M-BLU,2023-07-11,0
WRBALL-ALBB-2D4X2D3M-PNK,2023-07-11,0
WRBALL-ALBB-2D4X2D3M-BLU,2023-07-11,0
RM-MB-MRH3208B-WOOD,2023-07-11,0
FDRACK-ALBB-BJ1465-WHT,2023-07-11,1
FSTAND-ALBB-L420CM-BLK,2023-07-11,0
FSTAND-ALBB-L120CM-COF,2023-07-11,3
FSTAND-ALBB-3D04M-WHT,2023-07-11,0
GAZEBO-ALBB-L380CM-COF,2023-07-11,0
SPINBIKE-MB-MBH3208-GWHT,2023-07-11,0
SPINBIKE-MB-MBH3208B-BGRE,2023-07-11,0
SPINBIKE-MB-MBH3208D-BBLU,2023-07-11,0
SPROOM-ALBB-H230CM-WHT,2023-07-13,0
SPROOM-ALBB-1D3X1D6M-WHT,2023-07-13,0
BK-TB-20INCH-BLK,2023-07-13,2
ESCOT-YD-13ACC2-BLKBLK,2023-07-13,8
BIKE-SPIN-AOXIN-S500-HRATE-RED,2023-07-13,0
FURNI-MJT-SH-X7-MUTE-FLD-CHAM,2023-07-13,0
WF-ALBB-WXF1905654-GRY,2023-07-14,0
WF-ALBB-CIRCLE-BLK,2023-07-14,0
WF-ALBB-1-BLK,2023-07-14,0
WF-ALBB-2-BBLU,2023-07-14,0
WF-ALBB-S90910-BLK,2023-07-14,0
WF-ALBB-5046-GRY,2023-07-14,0
WF-ALBB-L6538-CLF,2023-07-14,0
WF-ALBB-L2645R2647-CLF,2023-07-14,0
WF-ALBB-7004-YLW,2023-07-14,0
SPINBIKE-MRK-MRS06-WHT,2023-07-14,2
SPINBIKE-MRK-MRS06-BLK,2023-07-14,0
TMILL-MRK-X1P-WHT,2023-07-14,0
TMILL-MRK-X1C10-WHT,2023-07-14,0
TMILL-MRK-T03-BLK,2023-07-14,0
RM-MRK-Q1SLEDKNOB-BLK,2023-07-14,1
RM-MRK-Q1LEDKNOB-WHT,2023-07-14,0
DH16BLU-AK,2023-07-14,16
DH16BLU-UG-AK-OB,2023-07-14,1
MSCOT-ETAKE-AD901-WHT,2023-07-14,0
BK-HJ-IMJ1-BLK,2023-07-14,1
ESCOT-ZN-SMDX7S-BBLU,2023-07-14,2
BK-MONT-AKEZ-HX-BLK,2023-07-14,1
MJT-SH-XXFMUTFLD-WOOD,2023-07-14,1
SPROOM-ALBB-S101023-WHT,2023-07-15,0
SPROOM-ALBB-M141223-WHT,2023-07-15,0
SPROOM-ALBB-L181523-WHT,2023-07-15,0
SPROOM-ALBB-XL211623-BLK,2023-07-15,0
SPROOM-ALBB-XL303023-WHT,2023-07-15,0
SPROOM-ALBB-M131222-WHT,2023-07-15,1
SPROOM-ALBB-MOVE120CM-WHT,2023-07-15,0
BK-SNOW-CRUZ-SPK-GRY,2023-07-17,0
BIKE-SPIN-AOXIN-S500-HRATE-YLW,2023-07-17,0
BUNKBED-XC-QN002-GRY,2023-07-17,12
GOLFNET-TB-SETA-GRE,2023-07-18,0
SP08-CL-AU10-AB3CDES,2023-07-18,1
MSCOT-LX-OP308-BRED,2023-07-18,1
ESCOT-LX-XHL-BLK,2023-07-18,0
WD-ALBB-4DOOR-WHT,2023-07-18,0
FOLDSHED-ALBB-SEMIATO-GRY,2023-07-18,7
FOLDSHED-ALBB-FULLATO-GRY,2023-07-18,0
FOLDBUKET-TB-XL-WHT,2023-07-18,0
KART-TBAG-KID48V20A-ORA,2023-07-18,0
EDESK-ALBB-L220M-BLK,2023-07-18,0
EDESK-ALBB-R180CM-BLK,2023-07-18,0
DESK-ALBB-L12080-BLK,2023-07-18,0
DESK-ALBB-L12080-WAL,2023-07-18,0
DESK-ALBB-L140100-BLK,2023-07-18,0
DESK-ALBB-L140100-WAL,2023-07-18,0
DESK-ALBB-1206075-BLK,2023-07-18,1
DESK-ALBB-K12060-PINK,2023-07-18,0
RAINBOW-AK,2023-07-18,11
EDESK-ALBB-T3C-BLK,2023-07-19,0
EDESK-ALBB-2AF3-BLK,2023-07-19,0
DESK-ALBB-100-BLK,2023-07-19,0
DESK-ALBB-A706-BLK,2023-07-19,0
DESK-ALBB-14060-BLK,2023-07-19,0
EDESK-ALBB-160CM-BLK,2023-07-19,0
EDESK-ALBB-DNZ001-BLK,2023-07-19,0
BBQG-TBST-120CM-BLK,2023-07-19,0
SCAR-TB-QLS3188-WHT,2023-07-19,0
SLIDE-TB-MUL-CLF,2023-07-19,1
CAB-ALBB-ROBOT-WOOD,2023-07-19,0
WCF-ALBB-YS13846-BLK,2023-07-19,0
WCF-ALBB-LUP16D-BLK,2023-07-19,0
CHAIR-ALBB-YL01-BLK,2023-07-19,0
TTABLE-ALBB-GL00024-BBRO,2023-07-19,0
CHAIR-ALBB-SYB6308-GRY,2023-07-19,0
TTABLE-ALBB-YLX120CM-WHT,2023-07-19,0
TTABLE-ALBB-SB140CM-WHTWAL,2023-07-19,0
SOFA-ALBB-DB170CM-BEIGE,2023-07-19,5
CHAIR-ALBB-HMH71CM-BLK,2023-07-19,0
CHAIR-ALBB-MXLN-BLK,2023-07-19,0
TTABLE-ALBB-L70CM-BEIGE,2023-07-19,1
TTABLE-ALBB-S47CM-DGRY,2023-07-19,0
SOFA-ALBB-CC0219-WHT,2023-07-19,0
CCF-ALBB-L955MM-WOOD,2023-07-19,0
CART-TB-838-CHAM,2023-07-19,1
CCF-ALBB-SET9-BEIGE,2023-07-19,0
CCF-ALBB-A2365-WOOD,2023-07-19,1
DESK-ALBB-XT2M-WAL,2023-07-19,0
DESK-ALBB-WSC-WAL,2023-07-19,0
SOFA-ALBB-PE-WOOD,2023-07-19,0
BK-SNOW-CRUZ-SPK-BLK,2023-07-19,4
BK-SNOW-CRUZ-SPK-WHT,2023-07-19,1
TRAMPO-MERSCO-CT60BS-SC,2023-07-19,1
SP09-CL-9BALL-BLU-ABCDEFGHI,2023-07-19,8
CONVERT07BLU-DQ-P024-4IN1-ABC,2023-07-19,33
ECASE-TB-SE3S-SLV,2023-07-19,2
ECASE-TB-SE3SL-SLV,2023-07-19,0
GLOVES-ALBB-LEN18CM-BLK,2023-07-19,1
GLOVES-ALBB-XG67-BLK,2023-07-19,0
GLOVES-ALBB-UNSL-BLU,2023-07-19,0
TTABLE-ALBB-SNG03-BEIGE,2023-07-19,0
TTABLE-ALBB-L120CM-BEIGE,2023-07-19,16
TTABLE-ALBB-SK08-BLK,2023-07-19,0
SOFA-ALBB-DB190CM-WHT,2023-07-19,0
SOFA-ALBB-H80CMS-ORG,2023-07-19,0
TTABLE-ALBB-LH140CM-WHT,2023-07-19,0
CHAIR-ALBB-SY01-SLV,2023-07-19,0
CHAIR-ALBB-F62CM-ORG,2023-07-20,0
SPINBIKE-MRK-MR667-WHT,2023-07-20,4
SPINBIKE-MRK-MR621-BLK,2023-07-20,0
EM-MRK-MR535-BLK,2023-07-20,0
DESK-ALBB-MY2M-COF,2023-07-20,0
SOFA-ALBB-KSM-BYLW,2023-07-20,0
CHAIR-ALBB-YZ024-BGRY,2023-07-20,0
TTABLE-ALBB-Q25-BLK,2023-07-20,0
SOFA-ALBB-320CM-GRE,2023-07-20,0
SOFA-ALBB-SL-WHT,2023-07-20,0
SOFA-ALBB-DBL180CM-WHT,2023-07-20,7
TTABLE-ALBB-MM120CM-BLK,2023-07-20,0
CHAIR-ALBB-RYH03-BLK,2023-07-20,0
EMWR-TB-HCJ002-BLK,2023-07-20,0
TENT-TB-SET7-BEIGE,2023-07-20,0
ESCOT-TB-MGY-RED,2023-07-20,0
CASE-TB0BOX-24PCA-BLK,2023-07-20,0
INFALPOOL-TB-2D6M-GRE,2023-07-20,0
MBEDFOLD-TB-70TRIF-GRY,2023-07-20,0
CAB-ALBB-50C1-GLD,2023-07-20,0
MSGUN-MRK-M1S-RED,2023-07-21,0
MSGUN-MRK-1537-RED,2023-07-21,0
MSGUN-MRK-1537-BLK,2023-07-21,0
PBED-MN-MN014-PNK,2023-07-21,10
PBED-MN-MN014-GRY,2023-07-21,6
AH10-AK,2023-07-21,4
ESCOT-WS-H2-BLU,2023-07-24,0
ESCOT-WS-H2-BEIGE,2023-07-24,0
ESCOT-WS-H2-PNK,2023-07-24,0
TRAMPO-MERSCO-RT-MSG-TX-7X10FT,2023-07-24,3
BK-MONT-AKEZ002-GRY-YEW,2023-07-24,2
N-AH08-DQ-A019-AK,2023-07-24,7
TMILL-AOXIN-T900-MULTI,2023-07-24,0
BM-TB-115STANDTCSHA-WHT,2023-07-24,2
CHAIR-ALBB-BKHSRJ-WHTBLK,2023-07-25,0
CHAIR-ALBB-BKHSRJ-WHTGRY,2023-07-25,0
CHAIR-ALBB-BKLSRJ-WHTBLU,2023-07-25,0
CHAIR-ALBB-BKFSRJ-WHTPNK,2023-07-25,1
WC-ALBB-DWGB-BLK,2023-07-25,0
WC-ALBB-SWGBHJCY-BLK,2023-07-25,0
WC-ALBB-DKMZH3-BLK,2023-07-25,0
TRAMPO-MERSCO-RT-MSG-TX-5X8FT,2023-07-25,2
MDF08WBLU-AK,2023-07-25,1
SPBK08RED-AK,2023-07-25,1
DESK-ALBB-1408074-BLK,2023-07-25,0
DESK-ALBB-1406075-WHTBLK,2023-07-25,0
DESK-ALBB-1406075-BLKBLK,2023-07-25,0
CHAIR-ALBB-QZHCWDBZJT-GRY,2023-07-25,0
CHAIR-ALBB-TKLCWDBZJT-BLU,2023-07-25,0
CHAIR-ALBB-FBTCWDBZJT-WHTPNK,2023-07-25,0
FIT-MT-MODLEY-SLVBLK,2023-07-25,0
FIT-MT-MODELE-SLVBLK,2023-07-25,0
GBENCH-MT-B1-GRY,2023-07-25,0
PBED-MN-MN002-GRY,2023-07-26,13
PCOR-MN-MN005-GRY,2023-07-26,13
MSCOT-ETAKE-JCD414-RED,2023-07-26,3
SPWAL08BLK-AK,2023-07-26,2
BK-PMK-PFDB015-GRY,2023-07-26,0
BK-PMK-PFDB015-WHT,2023-07-26,0
BK-PMK-PFDB015-BLK,2023-07-26,0
BK-PMK-PFDB015-PNK,2023-07-26,0
BK-PMK-PFDB015-RED,2023-07-26,0
MPLAN-TENT-337,2023-07-26,0
APLAN-FIT-9,2023-07-26,0
TMILL-MN-BS005-BLKBLU,2023-07-27,2
FIT-MN-BS2068-BLK,2023-07-27,0
FIT-MN-BS2072-BLK,2023-07-27,1
EMWR-MN-BS016-BLK,2023-07-27,0
STC-MN-BS021-BLK,2023-07-27,4
TRAMPO-MERSCO-RT-MSG-TX-9X12FT,2023-07-27,23
FIT-MN-BS7014-REDBLK,2023-07-27,1
SB09-DQ-S03-BRED,2023-07-28,1
SBT2IN1039-RQ-745221-WOOD,2023-07-28,6
CHAIR-ALBB-COWL10WEL-BRN,2023-07-29,0
CHAIR-ALBB-P53H-BLK,2023-07-29,0
CHAIR-ALBB-P53H-WHT,2023-07-29,0
CHAIR-ALBB-DEERSFOOT-PINK,2023-07-29,0
CHAIR-ALBB-COTNH-BEIGE,2023-07-29,0
CHAIR-ALBB-COTNH-YLW,2023-07-29,0
CHAIR-ALBB-GDLV1-GRY,2023-07-29,0
CHAIR-ALBB-GDLV1-BLK,2023-07-29,0
CHAIR-ALBB-YZ8521-GRY,2023-07-29,0
SOFA-ALBB-554774-BEIGE,2023-07-29,0
BK-ALBB-20SPEED-BLK,2023-07-31,0
BK-ALBB-20SPEED-BLU,2023-07-31,0
BK-ALBB-20SPEED-GRY,2023-07-31,0
BK-ALBB-20SPEED-WHT,2023-07-31,0
BK-ALBB-NZ20INCH40C-BLK,2023-07-31,0
BK-ALBB-NZ20INCH40C-WBLU,2023-07-31,0
BK-ALBB-NZ20INCH40C-BWHT,2023-07-31,0
BK-ALBB-NZ20INCH40C-CLF,2023-07-31,0
BK-ALBB-NZ20INCH40C-WHT,2023-07-31,0
BK-ALBB-NZ20INCH40C-BLUGRE,2023-07-31,0
BK-ALBB-NZ20INCH40C-BLUPINK,2023-07-31,0
BK-ALBB-HH20INCH-GRY,2023-07-31,0
BK-ALBB-HH20INCH-BLU,2023-07-31,0
BK-ALBB-HH20INCH-BLK,2023-07-31,0
TRAMPO-ALBB-ZY155-GRY,2023-07-31,1
TRAMPO-ALBB-350CMDBSLID-CLF,2023-07-31,0
TRAMPO-MERSCO-RT-MSG-TX-6X9FT,2023-07-31,2
SPWAL07BLU-AK,2023-07-31,13
SPWAL07RED-AK,2023-07-31,1
DESK-HT-DH120SDA-WOOD,2023-08-01,0
DESK-HT-DH120YA-WBLU,2023-08-01,0
DESK-HT-DH120YA-WPINK,2023-08-01,0
BK-JLAN-1809-BLK,2023-08-01,0
BK-JLAN-1801-BLU,2023-08-01,0
ESCOT-DOKMA-DKSPRO-BLK,2023-08-01,0
TMILL-XQ-A2S-BLK,2023-08-01,0
TMILL-XQ-Q2SPLUS-SLV,2023-08-01,0
TMILL-XQ-SRUN-WHT,2023-08-01,0
TMILL-XQ-I1-SLV,2023-08-01,0
TMILL-XQ-Q5-BLK,2023-08-01,0
SPINBIKE-XQ-Q101B-BLK,2023-08-02,0
SPINBIKE-XQ-Q101C-BLK,2023-08-02,0
SPINBIKE-XQ-Q210B-WHT,2023-08-02,0
SPINBIKE-XQ-Q210B-BLK,2023-08-02,0
SPINBIKE-XQ-Q201B-BLK,2023-08-02,0
PARTS-SC-LX-BATTERY-M365,2023-08-03,0
FIT-AOXIN-MLDB6,2023-08-03,1
FIT-CY-YOGA-BED-BLK,2023-08-03,27
BUNKBED-ALBB-QX1350MAT-WOOD,2023-08-04,0
BUNKBED-ALBB-QX1500MAT-WOOD,2023-08-04,0
BUNKBED-ALBB-HH1D5UP1D2-WPINK,2023-08-04,0
BUNKBED-ALBB-DL1500-WOOD,2023-08-04,0
DTABLE-ALBB-JMX4001600-WHT,2023-08-04,0
TABLE-ALBB-ACRLROCK1600-WHT,2023-08-04,0
MSCOT-HH-F10-WHT,2023-08-04,1
ESCOT-LX-OFFRD-11SQ-SEAT-AKEZ,2023-08-04,70
CATTERY-TB-34-WOOD,2023-08-04,8
DTABLE-ALBB-TYPED2D5-WBLACK,2023-08-04,0
DTABLE-ALBB-TYPEI2D5-WHT,2023-08-04,0
DTABLE-ALBB-LDX2D6-WHT,2023-08-04,0
BUNKBED-ALBB-DS1D5UP1D3-WOOD,2023-08-05,3
BUNKBED-ALBB-GT003-WOOD,2023-08-05,0
BUNKBED-ALBB-YLX1500-BEIGE,2023-08-05,0
BK-CITY-AKEZ-ELGA-KT-GRE,2023-08-07,1
BUNKBED-ZY-QN-WHT,2023-08-07,7
ST55-JX-1D010D-WOOD,2023-08-07,0
DT08SPBLK-WEBOO-AK,2023-08-07,1
SP09-XJ-962B-WHTBLU,2023-08-08,0
MPLAN-PLAYGROUND-485,2023-08-07,1
ESCOT-LX-E2,2023-08-07,1
WF-TBSD-ENXH-BEIGE,2023-08-08,0
WF-TBSD-HNXH-BEIGE,2023-08-08,0
BK-ALBB-3TW26INCH30S-WHT,2023-08-08,0
BK-ALBB-6TW26INCH30S-BLK,2023-08-08,1
BK-ALBB-3TW26INCH30S-RED,2023-08-08,0
BK-ALBB-3TW24INCH30S-WHT,2023-08-08,0
BK-ALBB-6TW24INCH30S-BLK,2023-08-08,0
BK-ALBB-3TW24INCH30S-RED,2023-08-08,0
CHAIR-ALBB-HYZN-GRY,2023-08-08,0
WF-TBZC-A-WHT,2023-08-08,0
WF-TBZC-G-BEIGE,2023-08-08,0
WF-TBZC-K-WHT,2023-08-08,0
WF-TBLX-SET4-GRY,2023-08-08,0
WF-TBQX-A-BEIGE,2023-08-08,0
CHAIR-ALBB-H83CM-BLK,2023-08-08,0
LM-ALBB-1D5KW-ORG,2023-08-08,0
LM-ALBB-AKX-GRYWHT,2023-08-08,0
LM-ALBB-26D4KW-BRED,2023-08-08,0
SOFA-ALBB-YFCL-BEIGE,2023-08-08,0
SOFA-ALBB-YF3DCLOTH-LGRY,2023-08-08,0
SOFA-ALBB-YF3DCLOTH-BLU,2023-08-08,0
TRAMPO-ALBB-4X6M-YLWBLK,2023-08-08,0
BK-SNOW-SNAKE-TAOCI-WHT,2023-08-08,0
BK-JL-EBA216X500-BLK,2023-08-08,0
PRIMO16-P-AK,2023-08-09,12
LED07BLU-AK,2023-08-09,0
MDF07BLK-DQ-P031-BLK,2023-08-10,0
ESCOT-HY-C07AP-BLK,2023-08-10,6
TMILL-MN-BS005-BLKYLW,2023-08-11,0
BK-FD-X-DBLU,2023-08-11,0
BK-FD-D11-GRY,2023-08-11,0
BK-FD-C21-DGRY,2023-08-11,0
BK-FD-C22-LBLU,2023-08-11,0
SP09-RS-VIC2PLUS,2023-08-11,6
SP09-RS-VIC2PLUS-WHT,2023-08-11,0
ESCOT-LX-OFFRD-11SQSD-SEAT,2023-08-11,7
CCM-CJT-001-YLW,2023-08-12,0
CCM-CJT-002-PNK,2023-08-12,0
CCM-CJT-002-BLU,2023-08-12,0
CCM-CJT-002-LBLU,2023-08-12,0
CCM-CJT-002-YLW,2023-08-12,0
CCM-CJT-002-RED,2023-08-12,0
CCM-CJT-003-YLW,2023-08-12,0
CCM-CJT-004-BLU,2023-08-12,1
CCM-CJT-004-RED,2023-08-12,0
CCM-CJT-004-YLW,2023-08-12,0
CCM-CJT-004-PUP,2023-08-12,1
CCM-CJT-005-PNK,2023-08-12,0
CCM-CJT-005-BLU,2023-08-12,1
CCM-CJT-005-LBLU,2023-08-12,0
CCM-CJT-005-YLW,2023-08-12,0
GCC-CJT-013-YLW,2023-08-12,0
GC-CJT-015-PT,2023-08-12,0
ESCOT-ZN-SMDEEC05-BLK,2023-08-14,0
ESCOT-ZN-SMD101-BBLU,2023-08-14,0
CCM-CJT-008-PNK,2023-08-14,0
CCM-CJT-008-BLU,2023-08-14,0
CCM-CJT-009-RED,2023-08-14,0
CCM-CJT-009-PNK,2023-08-14,0
CCM-CJT-009-BLU,2023-08-14,0
CCM-CJT-010-PNK,2023-08-14,0
CCM-CJT-010-BLU,2023-08-14,0
CCM-CJT-010-YLW,2023-08-14,0
CCM-CJT-011-PNK,2023-08-14,0
CCM-CJT-011-BLU,2023-08-14,0
CCM-CJT-012-WHT,2023-08-14,0
GCC-CJT-014-PNK,2023-08-14,0
ESCOT-DOKMA-NOVA2500W-BREDW,2023-08-15,0
ESCOT-DOKMA-NOVA7000W-BREDW,2023-08-15,0
ESCOT-DOKMA-NOVA8000W-BREDW,2023-08-15,0
ESCOT-DOKMA-NOVA2500W-BWHT,2023-08-15,0
ESCOT-DOKMA-NOVA7000W-BWHT,2023-08-15,0
ESCOT-DOKMA-NOVA8000W-BWHT,2023-08-15,0
SKIM-MN-BS018-BLK,2023-08-15,4
SPWHT08GRE-AK,2023-08-15,0
MC-KPR-MC818-COF,2023-08-15,1
TT-BM-S8,2023-08-16,2
ESCOT-DOKMA-11FTM8-BLK,2023-08-16,0
LIGHT-ALBB-RA951L-BLK,2023-08-17,0
LIGHT-ALBB-RA953L-BLK,2023-08-17,0
LIGHT-ALBB-RA95DL-BLK,2023-08-17,0
LIGHT-ALBB-ASD80CM-SLV,2023-08-17,0
LIGHT-ALBB-3C-GOLD,2023-08-17,0
LIGHT-ALBB-4C-GOLD,2023-08-17,0
LIGHT-ALBB-5C-GOLD,2023-08-17,0
LIGHT-ALBB-6C-GOLD,2023-08-17,0
LIGHT-ALBB-OVAL-SLV,2023-08-17,0
LIGHT-ALBB-CD60CM-GOLD,2023-08-17,0
LIGHT-ALBB-5S60CM-GOLD,2023-08-17,0
LIGHT-ALBB-80CM3L-GOLD,2023-08-17,0
LIGHT-ALBB-80CM3L-SLV,2023-08-17,0
LIGHT-ALBB-100CM3L-GOLD,2023-08-17,0
LIGHT-ALBB-100CM3L-SLV,2023-08-17,0
LIGHT-ALBB-120CM3L-GOLD,2023-08-17,0
LIGHT-ALBB-120CM3L-SLV,2023-08-17,0
LIGHT-ALBB-A40CM-GOLD,2023-08-17,0
LIGHT-ALBB-A60CM-GOLD,2023-08-17,0
LIGHT-ALBB-A100CM-GOLD,2023-08-17,0
FB-YL-GBOV01-SLV,2023-08-17,0
FB-YL-GBOV02-SLV,2023-08-17,0
FB-YL-GBOV03-SLV,2023-08-17,0
FB-YL-GBOV04-SLV,2023-08-17,0
FB-YL-GBOV05-SLV,2023-08-17,0
MDF08-DQ-P035-3IN1-WOODBLK,2023-08-17,3
SPBK07RED-AK,2023-08-17,2
SPBK07BLU-AK,2023-08-17,5
SPBK07GRE-AK,2023-08-17,2
ESCOT-LX-10A-SEAT-AKEZ,2023-08-17,3
MSCOT-LX-OP102-GRY,2023-08-17,0
ESCOT-YD-13ACC2-PINKBLK,2023-08-17,2
LIGHT-ALBB-D65CM-BGOLD,2023-08-18,0
LIGHT-ALBB-D80CM-BGOLD,2023-08-18,0
LIGHT-ALBB-D100CM-BGOLD,2023-08-18,0
LIGHT-ALBB-D100CM2L-BGOLD,2023-08-18,0
LIGHT-ALBB-D110CMWF-BGOLD,2023-08-18,0
CFANL-YSJ-50YJ308-WOOD,2023-08-18,0
CFANL-YSJ-50YJ308-WHT,2023-08-18,0
CFANL-YSJ-52YJ359-BLK,2023-08-18,0
CFANL-YSJ-52YJ327-BLK,2023-08-18,0
CFANL-YSJ-52YJ202-WHT,2023-08-18,0
CFANL-YSJ-52YJ668-BLK,2023-08-18,0
CFANL-YSJ-52671-BLK,2023-08-18,0
CFANL-YSJ-52YJ273-BLK,2023-08-18,0
LIGHT-ALBB-YX60CM-GOLD,2023-08-18,0
LIGHT-ALBB-YX80CM-GOLD,2023-08-18,0
LIGHT-ALBB-SM55CM-GOLD,2023-08-18,0
LIGHT-ALBB-SM55CM-SLV,2023-08-18,0
LIGHT-ALBB-SM40CM-GOLD,2023-08-18,0
LIGHT-ALBB-SM92CM-GOLD,2023-08-18,0
MDF08WGRE-AK,2023-08-19,0
BK-PMK-EX9-WHT,2023-08-19,0
MDF06FOLD-JXY-06FLD-GRE,2023-08-21,1
ESCOT-YD-13AD1-WHT,2023-08-21,2
LED08GRE-AK,2023-08-21,0
MSCOT-LX-OPZ1-BRED,2023-08-21,0
CFANL-YSJ-52YJ325-WHT,2023-08-21,0
CFANL-YSJ-52YJ682-BLK,2023-08-21,0
BUNKBED-ZY-DB-WHT,2023-08-22,3
PRIMO16-P-UG-AK-OB,2023-08-22,0
KART-LX-XKD-BLK,2023-08-23,0
LM-ALBB-9D5HP-RED,2023-08-23,0
LIGHT-ALBB-MD13CM-BLK,2023-08-23,0
LIGHT-ALBB-6TD67CM-BLK,2023-08-23,0
LIGHT-ALBB-8TD85CM-BLK,2023-08-23,0
LIGHT-ALBB-10TD102CM-BLK,2023-08-23,0
LIGHT-ALBB-15TD102CM-BLK,2023-08-23,0
LIGHT-ALBB-MD61426-SLV,2023-08-23,0
LIGHT-ALBB-MD6142841-SLV,2023-08-23,0
LIGHT-ALBB-MD61423-SLV,2023-08-23,0
LIGHT-ALBB-MD61424-SLV,2023-08-23,0
LIGHT-ALBB-MT614251-SLV,2023-08-23,0
LIGHT-ALBB-ML614261-SLV,2023-08-23,0
LIGHT-ALBB-XX60CM-BLK,2023-08-23,0
LIGHT-ALBB-XX60CM-WHT,2023-08-23,0
LIGHT-ALBB-XX80CM-BLK,2023-08-23,0
LIGHT-ALBB-XX80CM-WHT,2023-08-23,0
LIGHT-ALBB-YB50CM-WHT,2023-08-23,0
LIGHT-ALBB-YB60CM-WHT,2023-08-23,0
LIGHT-ALBB-YB80CM-WHT,2023-08-23,0
LIGHT-ALBB-YB100CM-WHT,2023-08-23,0
LIGHT-ALBB-YB120CM-WHT,2023-08-23,0
LIGHT-ALBB-A6-WHT,2023-08-23,0
LIGHT-ALBB-A9-WHT,2023-08-23,0
LIGHT-ALBB-A6-BLK,2023-08-23,0
LIGHT-ALBB-A9-BLK,2023-08-23,0
LIGHT-ALBB-SD50CM-BLK,2023-08-23,0
LIGHT-ALBB-SD50CM-WHT,2023-08-23,0
LIGHT-ALBB-LD60CM-BLK,2023-08-23,0
LIGHT-ALBB-LD60CM-WHT,2023-08-23,0
CHAIR-ALBB-SJ038-ORG,2023-08-23,0
CHAIR-ALBB-SJ038-WHT,2023-08-23,0
CHAIR-ALBB-LO117PU-WHT,2023-08-23,0
CHAIR-ALBB-LO117PU-GRY,2023-08-23,0
CHAIR-ALBB-LO117PU-ORG,2023-08-23,0
CHAIR-ALBB-LO117L-GRY,2023-08-23,0
CHAIR-ALBB-LO117L-ORG,2023-08-23,0
CHAIR-ALBB-LO117L-WHT,2023-08-23,0
LIGHT-ALBB-20TK9-SLV,2023-08-23,0
LIGHT-ALBB-30TK9-SLV,2023-08-23,0
LIGHT-ALBB-90TK9-SLV,2023-08-23,0
LIGHT-ALBB-3L60CM-BLK,2023-08-23,0
LIGHT-ALBB-3L80CM-BLK,2023-08-23,0
LIGHT-ALBB-3L60CM-WHT,2023-08-23,0
LIGHT-ALBB-3L80CM-WHT,2023-08-23,0
LIGHT-ALBB-62CM48W-BLU,2023-08-23,0
LIGHT-ALBB-62CM48W-GRE,2023-08-23,0
LIGHT-ALBB-62CM48W-YLW,2023-08-23,0
LIGHT-ALBB-62CM48W-PNK,2023-08-23,0
LIGHT-ALBB-80CM72W-BLU,2023-08-23,0
LIGHT-ALBB-80CM72W-GRE,2023-08-23,0
LIGHT-ALBB-80CM72W-YLW,2023-08-23,0
LIGHT-ALBB-80CM72W-PNK,2023-08-23,0
LIGHT-ALBB-L100CM-GOLD,2023-08-23,0
LIGHT-ALBB-L120CM-GOLD,2023-08-23,0
LIGHT-ALBB-DOTL100CM-GOLD,2023-08-23,0
LIGHT-ALBB-DOTL120CM-GOLD,2023-08-23,0
LIGHT-ALBB-XKL100CM-GOLD,2023-08-23,0
LIGHT-ALBB-XKL120CM-GOLD,2023-08-23,0
CHAIR-ALBB-MZL-BWHT,2023-08-23,0
SPWAL08GRE-AK,2023-08-23,2
TT-BM-HP-07,2023-08-23,1
CHAIR-ALBB-XS-BLUWHT,2023-08-24,0
CHAIR-ALBB-XS-GREWHT,2023-08-24,0
CHAIR-ALBB-XS-BLUORG,2023-08-24,0
CHAIR-ALBB-OYM-BLK,2023-08-24,0
CHAIR-ALBB-XL-RED,2023-08-24,0
CHAIR-ALBB-XL-BLU,2023-08-24,0
CARPET-TB-80YLLY1-BLK,2023-08-24,0
CARPET-TB-80YLLY2-WHT,2023-08-24,0
CARPET-TB-120YLLY1-BLK,2023-08-24,0
CARPET-TB-120YLLY2-WHT,2023-08-24,0
CARPET-TB-160YLLY1-BLK,2023-08-24,0
CARPET-TB-160YLLY2-WHT,2023-08-24,0
CCF-TBGZ-SET1-BEIGE,2023-08-24,0
CCF-TBGZ-SMALL-ORGBLU,2023-08-24,0
CCF-TBGZ-LARGE-CLF,2023-08-24,0
CCF-TBXQ-F-WHTGRY,2023-08-24,3
CCF-TBAGG-4IN1-WOOD,2023-08-24,0
CCF-TBAGG-MINI4IN1-WOOD,2023-08-24,0
CCF-TBSY-C3IN1-BLU,2023-08-24,0
CCF-TBSY-C3IN1-PNK,2023-08-24,0
CCF-TBSY-WM5IN1-BLU,2023-08-24,0
CCF-TBSY-WM5IN1-PNK,2023-08-24,0
CCF-TBMGY-XG6S11B-WOOD,2023-08-24,0
CCF-TBMGY-XG3S1B1S1H-WOOD,2023-08-24,0
CCF-TBMGY-QQ6S10B-WOOD,2023-08-24,0
CCF-TBMGY-XG3S3B-WOOD,2023-08-24,0
CCF-TBMGY-XG6S10B-WOOD,2023-08-24,0
CCF-TBMGY-XG3S3BSH-WOOD,2023-08-24,0
CCF-TBMGY-XG3S2B-WOOD,2023-08-24,0
CCF-TBMGY-QQ6S10BFX-WOOD,2023-08-24,0
CCF-TBMGY-XGFRAME-WOOD,2023-08-24,0
LIGHT-TB-12T3C-BLK,2023-08-24,0
LIGHT-TB-12T3C-BGOLD,2023-08-24,0
LIGHT-TB-9986B-BLK,2023-08-24,0
PBAR-TB-S85130CM-BLU,2023-08-24,0
PBAR-TB-S85130CM-PNK,2023-08-24,0
CFB-XY-A23RV-BLK,2023-08-24,0
CFB-XY-A32R-SLV,2023-08-24,0
CFB-XY-A32V-SLV,2023-08-24,0
CFB-XY-KWA03-SLV,2023-08-24,0
CRB-XY-CA01A-BLK,2023-08-24,0
CRB-XY-CB11-BLK,2023-08-24,0
CRB-XY-CB30-BLK,2023-08-24,0
CRB-XY-CA03-SLV,2023-08-24,0
CRB-XY-CB84A-BLK,2023-08-24,0
CRB-XY-CB44H-BLK,2023-08-24,0
CRB-XY-CB29-BLK,2023-08-24,0
CRB-XY-CB03H-BLK,2023-08-24,0
MDF07JDBLK-AK,2023-08-25,0
CCF-TBBBF-A22M-WOOD,2023-08-25,2
MC-KPR-MC825-BLU,2023-08-25,0
PARTS-MSC-LX-BATTERY-OP01S,2023-08-25,0
CRB-XY-CB39-BLK,2023-08-25,0
CRB-XY-CB44SP-BLK,2023-08-25,0
CRB-XY-CB29A-BLK,2023-08-25,0
CRB-XY-CB79-BLK,2023-08-25,0
CRB-XY-CB03T-BLK,2023-08-25,0
CRB-XY-CB20-BLK,2023-08-25,0
CRB-XY-CB44T-BLK,2023-08-25,0
LIGHT-OLK-Z001D800-GLD,2023-08-25,0
LIGHT-OLK-Z001T1000-GLD,2023-08-25,0
LIGHT-OLK-Z003D800-GLD,2023-08-25,0
LIGHT-OLK-Z005D800-GLD,2023-08-25,0
LIGHT-OLK-Z009D600-GLD,2023-08-25,0
LIGHT-OLK-Z008D800-GLD,2023-08-25,0
LIGHT-OLK-P700LEN400-GLD,2023-08-25,0
LIGHT-OLK-P700LEN400-SLV,2023-08-25,0
LIGHT-OLK-P700LEN500-GLD,2023-08-25,0
LIGHT-OLK-P700LEN500-SLV,2023-08-25,0
LIGHT-OLK-6045L9-SLV,2023-08-25,0
LIGHT-OLK-6079L4-SLV,2023-08-25,0
LIGHT-OLK-8033L8-SLV,2023-08-25,0
LIGHT-OLK-6037L6-SLV,2023-08-25,0
LIGHT-OLK-6068L9-SLV,2023-08-25,0
LIGHT-OLK-6067L5-SLV,2023-08-25,0
LIGHT-OLK-6051L13-SLV,2023-08-25,0
LIGHT-OLK-6060L4-SLV,2023-08-25,0
CFANL-OLK-DS8004-SLV,2023-08-25,0
CFANL-OLK-42DY6021L-BLK,2023-08-25,0
CFANL-OLK-DS8008-SLV,2023-08-25,0
CFANL-OLK-DS8003-WHT,2023-08-25,0
CFANL-OLK-DS8006-GLD,2023-08-25,0
CFANL-OLK-DS8022-BWHT,2023-08-25,0
CFANL-OLK-8913S-BWHT,2023-08-25,0
CFANL-OLK-DS8028C-CWHT,2023-08-25,0
CFANL-OLK-DS8027-GRYGLD,2023-08-25,0
CFANL-OLK-DS8025-BWHT,2023-08-25,0
CBBAR-XY-GBA03-SLV,2023-08-25,0
CRB-XY-CC01-WHT,2023-08-25,0
CWB-XY-FF12-BLK,2023-08-25,0
FIT-MN-BS7006-BRED,2023-08-26,0
FIT-MN-BS3007-BLK,2023-08-26,0
FIT-MN-BS3010-BLK,2023-08-26,0
KART-LX-KID36V4A-WHT,2023-08-26,2
SPBK08BLU-AK,2023-08-26,3
CLS-XY-D03-RED,2023-08-28,0
CLS-XY-D04-RED,2023-08-28,0
CLR-XY-FB03-150130-SLV,2023-08-28,0
CLR-XY-FB03-12796-SLV,2023-08-28,0
CLR-XY-FB01-140100-SLV,2023-08-28,0
CLR-XY-FB01-160110-SLV,2023-08-28,0
CLRC-XY-FC03-SLV,2023-08-28,0
CLRC-XY-FC05-SLV,2023-08-28,0
CFR-XY-BC07-SLVBLK,2023-08-28,0
CFR-XY-BC05-SLVBLK,2023-08-28,0
CRB-XY-CB21-BLK,2023-08-28,0
CRB-XY-CB01-BLK,2023-08-28,0
CARPET-ALBB-6090BW1-OGWTBU,2023-08-28,0
CARPET-ALBB-80120BW1-OGWTBU,2023-08-28,0
CARPET-ALBB-6090FGBS1-GRY,2023-08-28,0
CARPET-ALBB-6090FGBS2-PNKBLU,2023-08-28,0
CARPET-ALBB-140200FGBS1-GRY,2023-08-28,0
CARPET-ALBB-140200FGBS2-PNKBLU,2023-08-28,0
CARPET-ALBB-5080INS1-WHT,2023-08-28,0
CARPET-ALBB-5080INS2-WHT,2023-08-28,0
CARPET-ALBB-80120INS1-WHT,2023-08-28,0
CARPET-ALBB-80120INS2-WHT,2023-08-28,0
CARPET-ALBB-150200INS1-WHT,2023-08-28,0
CARPET-ALBB-150200INS2-WHT,2023-08-28,0
TT-ALBB-XLY120X60CM-WHT,2023-08-28,0
TT-ALBB-XLY140X70CM-WHT,2023-08-28,0
TT-ALBB-XLY160X70CM-WHT,2023-08-28,0
TT-ALBB-XLY120X60CM-BLK,2023-08-28,0
TT-ALBB-XLY140X70CM-BLK,2023-08-28,0
TT-ALBB-XLY160X70CM-BLK,2023-08-28,0
TABLE-ALBB-YS140X70CM-WHT,2023-08-28,0
TABLE-ALBB-YS160X80CM-WHT,2023-08-28,0
TABLE-ALBB-YS180X90CM-WHT,2023-08-28,0
CARPET-ALBB-80120HS1-GRY,2023-08-28,0
CARPET-ALBB-80120HS3-GRY,2023-08-28,0
CARPET-ALBB-80120HS6-GRY,2023-08-28,0
CARPET-ALBB-150200HS1-GRY,2023-08-28,0
CARPET-ALBB-150200HS3-GRY,2023-08-28,0
CARPET-ALBB-150200HS6-GRY,2023-08-28,0
CARPET-ALBB-180260HS1-GRY,2023-08-28,0
CARPET-ALBB-180260HS3-GRY,2023-08-28,0
CARPET-ALBB-180260HS6-GRY,2023-08-28,0
CARPET-ALBB-80120FYR9081-WTBU,2023-08-28,0
CARPET-ALBB-80120FYR9084-KKWT,2023-08-28,0
CARPET-ALBB-80120FYR9086-YLWT,2023-08-28,0
CARPET-ALBB-100160FYR9081-WTBU,2023-08-28,0
CARPET-ALBB-100160FYR9084-KKWT,2023-08-28,0
CARPET-ALBB-100160FYR9086-YLWT,2023-08-28,0
CARPET-ALBB-100200FYR9081-WTBU,2023-08-28,0
CARPET-ALBB-100200FYR9084-KKWT,2023-08-28,0
CARPET-ALBB-100200FYR9086-YLWT,2023-08-28,0
DHOUTDOOR600-AK,2023-08-28,5
DHOUTDOOR600-UG-AK-OB,2023-08-28,0
FIT-CY-YOGA-BED-BEIGE,2023-08-28,5
TRAMPO-MERSCO-RT-MSG-TX-8X11FT,2023-08-28,1
MC-YJ-L50-BLK,2023-08-29,1
MC-YJ-L50-WHT,2023-08-29,0
PRIMO188-AK,2023-08-29,2
PRIMO188-UG-AK-OB,2023-08-29,1
SPWHT09BLU-AK,2023-08-30,0
SPWHT09GRE-AK,2023-08-30,0
BUNKBED-ZY-DB-BLUWHT,2023-08-30,1
JUMPBED-YX-0118-WHT,2023-08-31,0
BUNKBED-ZY-QN-BLUWHT,2023-08-31,0
BK-MONT-AKEZ-YS-GRY,2023-08-31,0
ESCOT-YD-13ACC2-WHTBLK,2023-09-02,0
CHAIR-ST-L01R-RED,2023-09-04,0
CHAIR-ST-L01B-BLU,2023-09-04,0
CHAIR-ST-L01Y-YLW,2023-09-04,0
CHAIR-ST-L01GE-GRE,2023-09-04,0
CHAIR-ST-L01GR-GRY,2023-09-04,0
CHAIR-ST-L01P-PUR,2023-09-04,0
CHAIR-ALBB-YY4560-GRE,2023-09-04,0
CHAIR-ALBB-YY4560-PNK,2023-09-04,0
CHAIR-ALBB-YY4560-BLU,2023-09-04,0
CHAIR-ALBB-YY4560-WHT,2023-09-04,0
CHAIR-ALBB-YY6580-GRE,2023-09-04,0
CHAIR-ALBB-YY6580-PNK,2023-09-04,0
CHAIR-ALBB-YY6580-BLU,2023-09-04,0
CHAIR-ALBB-YY6580-WHT,2023-09-04,0
CHAIR-ALBB-B80-LGRY,2023-09-04,0
CHAIR-ALBB-B80-ORG,2023-09-04,0
CHAIR-ALBB-B80-LBRN,2023-09-04,0
CHAIR-ALBB-B80-KHAKI,2023-09-04,0
CHAIR-ALBB-B80-BLU,2023-09-04,0
CHAIR-ALBB-B80-RED,2023-09-04,0
CHAIR-ALBB-B80DRB-KHAKI,2023-09-04,0
CHAIR-ALBB-B80DRB-BEIGE,2023-09-04,0
CHAIR-ALBB-B80DRB-ORG,2023-09-04,0
SOFA-ALBB-AF3-GRY,2023-09-04,0
SOFA-ALBB-SJ3-WHT,2023-09-04,0
TTABLE-ALBB-A096-WHT,2023-09-04,0
TTABLE-ALBB-A094-WHT,2023-09-04,0
LIGHT-ALBB-YF357A-GOLD,2023-09-04,0
LIGHT-ALBB-YF357B-GOLD,2023-09-04,0
LIGHT-ALBB-YF167S-GOLD,2023-09-04,0
LIGHT-ALBB-YF167L-GOLD,2023-09-04,0
LIGHT-ALBB-YF115-GOLD,2023-09-04,0
LIGHT-ALBB-YF249-GOLD,2023-09-04,0
LIGHT-ALBB-YF250-GOLD,2023-09-04,0
LIGHT-ALBB-YF271-GOLD,2023-09-04,0
LIGHT-ALBB-YF278-GOLD,2023-09-04,0
DH13-AK,2023-09-05,0
DH13-UG-AK-OB,2023-09-05,0
MDF3IN106-JXY-5001-BRED,2023-09-05,0
MC-KPR-MCA8-WHT,2023-09-05,0
ESCOT-SA-A11E-BLK,2023-09-05,0
MDF07FOLDGRE-AK,2023-09-05,0
MDF07FOLDBLK-AK,2023-09-05,0
SOFA-ALBB-QS06-BLU,2023-09-05,0
SOFA-ALBB-QS06-RED,2023-09-05,0
SOFA-ALBB-QS06-COF,2023-09-05,0
CHAIR-ALBB-LDLIFT-LGRY,2023-09-05,0
CHAIR-ALBB-LDLIFT-ORG,2023-09-05,0
CHAIR-ALBB-LDLIFT-BLU,2023-09-05,0
CHAIR-ALBB-WMH79CM-WHTORG,2023-09-05,0
CHAIR-ALBB-WMH79CM-ORGGRY,2023-09-05,0
CHAIR-ALBB-WMH79CM-BLK,2023-09-05,0
MCAB-ALBB-ZYL1M-BLK,2023-09-05,0
SOFA-ALBB-XMY01-BLK,2023-09-05,0
SOFA-ALBB-XMY01-GRE,2023-09-05,0
SOFA-ALBB-XMY01-BLU,2023-09-05,0
SOFA-ALBB-WX01-WHT,2023-09-05,0
SOFA-ALBB-XSG3-COF,2023-09-05,0
SOFA-ALBB-HZ01-PNK,2023-09-05,0
SOFA-ALBB-HZ01-LGRY,2023-09-05,0
SOFA-ALBB-YZ-BEIGE,2023-09-05,0
SOFA-ALBB-YZ-DGRY,2023-09-05,0
SOFA-ALBB-OYML250CM-WHT,2023-09-05,0
SOFA-ALBB-OYML250CM-BLK,2023-09-05,0
SOFA-ALBB-OYM01-WHT,2023-09-05,0
SOFA-ALBB-OYM01-BLK,2023-09-05,0
SOFA-ALBB-LL01-LGRY,2023-09-05,0
SOFA-ALBB-LL03-LGRY,2023-09-05,0
SOFA-ALBB-YYC01-BEIGE,2023-09-05,0
SOFA-ALBB-YYC03-BEIGE,2023-09-05,0
SOFA-ALBB-YYC03-GYRBLU,2023-09-05,0
CHAIR-ALBB-BSN-LGRY,2023-09-05,0
SOFA-ALBB-LY03-WHT,2023-09-05,0
BIKE-SPIN-AOXIN-S500-HRATE-WHT,2023-09-05,1
